timestamp,cpu_percent,workingset_mb,privatemem_mb
2026-07-27T00:00:09.8129700-04:00,0,1.8,0.4
2026-07-27T00:00:09.8200297-04:00,0,3.1,0.6
2026-07-27T00:00:09.8237335-04:00,0,3.1,0.6
2026-07-27T00:00:09.8271411-04:00,0,3.1,0.6
2026-07-27T00:00:09.8304308-04:00,0,3.1,0.6
2026-07-27T00:00:09.8336868-04:00,0,3.1,0.6
2026-07-27T00:00:09.8369613-04:00,0,3.1,0.6
2026-07-27T00:00:09.8401525-04:00,0,3.1,0.6
2026-07-27T00:00:09.8435300-04:00,0,3.1,0.6
2026-07-27T00:00:09.8471926-04:00,0,3.1,0.6
2026-07-27T00:00:09.8510598-04:00,0,3.1,0.6
2026-07-27T00:00:09.8545064-04:00,0,3.1,0.6
2026-07-27T00:00:09.8579529-04:00,0,3.1,0.6
2026-07-27T00:00:09.8610732-04:00,0,3.1,0.6
2026-07-27T00:00:09.8641516-04:00,0,3.1,0.6
2026-07-27T00:00:09.8672176-04:00,0,3.1,0.6
2026-07-27T00:00:09.8703116-04:00,0,3.1,0.6
2026-07-27T00:00:09.8733296-04:00,0,3.1,0.6
2026-07-27T00:00:09.8763602-04:00,0,3.1,0.6
2026-07-27T00:00:09.8794735-04:00,0,3.1,0.6
2026-07-27T00:00:09.8828714-04:00,0,3.1,0.6
2026-07-27T00:00:09.8873833-04:00,0,3.1,0.6
2026-07-27T00:00:09.8911004-04:00,0,3.1,0.6
2026-07-27T00:00:09.8946993-04:00,0,3.1,0.6
2026-07-27T00:00:09.8983061-04:00,0,3.1,0.6
2026-07-27T00:00:09.9015362-04:00,0,3.1,0.6
2026-07-27T00:00:09.9046194-04:00,0,3.1,0.6
2026-07-27T00:00:09.9077158-04:00,0,3.1,0.6
2026-07-27T00:00:09.9111024-04:00,0,3.1,0.6
2026-07-27T00:00:09.9143736-04:00,0,3.1,0.6
2026-07-27T00:00:09.9175017-04:00,0,3.1,0.6
2026-07-27T00:00:09.9204722-04:00,0,3.1,0.6
2026-07-27T00:00:09.9234907-04:00,0,3.1,0.6
2026-07-27T00:00:09.9266169-04:00,0,3.1,0.6
2026-07-27T00:00:09.9299669-04:00,0,3.1,0.6
2026-07-27T00:00:09.9331397-04:00,0,3.1,0.6
2026-07-27T00:00:09.9362548-04:00,0,3.1,0.6
2026-07-27T00:00:09.9392942-04:00,0,3.1,0.6
2026-07-27T00:00:09.9424129-04:00,0,3.1,0.6
2026-07-27T00:00:09.9454650-04:00,0,3.1,0.6
2026-07-27T00:00:09.9485609-04:00,0,3.1,0.6
2026-07-27T00:00:09.9515958-04:00,0,3.1,0.6
2026-07-27T00:00:09.9546524-04:00,0,3.1,0.6
2026-07-27T00:00:09.9596589-04:00,0,3.1,0.6
2026-07-27T00:00:09.9633081-04:00,0,3.1,0.6
2026-07-27T00:00:09.9665975-04:00,0,3.1,0.6
2026-07-27T00:00:09.9699379-04:00,0,3.1,0.6
2026-07-27T00:00:09.9734177-04:00,0,3.1,0.6
2026-07-27T00:00:09.9770209-04:00,0,3.1,0.6
2026-07-27T00:00:09.9802095-04:00,0,3.1,0.6
2026-07-27T00:00:09.9832821-04:00,0,3.1,0.6
2026-07-27T00:00:09.9862654-04:00,0,3.1,0.6
2026-07-27T00:00:09.9893579-04:00,0,3.1,0.6
2026-07-27T00:00:09.9924404-04:00,0,3.1,0.6
2026-07-27T00:00:09.9954120-04:00,0,3.1,0.6
2026-07-27T00:00:09.9984491-04:00,0,3.1,0.6
2026-07-27T00:00:10.0013755-04:00,0,3.1,0.6
2026-07-27T00:00:10.0043707-04:00,0,3.1,0.6
2026-07-27T00:00:10.0076149-04:00,0,3.1,0.6
2026-07-27T00:00:10.0107151-04:00,0,3.1,0.6
2026-07-27T00:00:10.0136839-04:00,0,3.1,0.6
2026-07-27T00:00:10.0167531-04:00,0,3.1,0.6
2026-07-27T00:00:10.0197752-04:00,0,3.1,0.6
2026-07-27T00:00:10.0231661-04:00,0,3.1,0.6
2026-07-27T00:00:10.0261773-04:00,0,3.1,0.6
2026-07-27T00:00:10.0291741-04:00,0,3.1,0.6
2026-07-27T00:00:10.0327541-04:00,0,3.1,0.6
2026-07-27T00:00:10.0361774-04:00,0,3.1,0.6
2026-07-27T00:00:10.0393422-04:00,0,3.1,0.6
2026-07-27T00:00:10.0423185-04:00,0,3.1,0.6
2026-07-27T00:00:10.0452640-04:00,0,3.1,0.6
2026-07-27T00:00:10.0481923-04:00,0,3.1,0.6
2026-07-27T00:00:10.0514046-04:00,0,3.1,0.6
2026-07-27T00:00:10.0544722-04:00,0,3.1,0.6
2026-07-27T00:00:10.0575077-04:00,0,3.1,0.6
2026-07-27T00:00:10.0606936-04:00,0,3.1,0.6
2026-07-27T00:00:10.0638408-04:00,0,3.1,0.6
2026-07-27T00:00:10.0670912-04:00,0,3.1,0.6
2026-07-27T00:00:10.0704087-04:00,0,3.1,0.6
2026-07-27T00:00:10.0735275-04:00,0,3.1,0.6
2026-07-27T00:00:10.0766330-04:00,0,3.1,0.6
2026-07-27T00:00:10.0798093-04:00,0,3.1,0.6
2026-07-27T00:00:10.0830831-04:00,0,3.1,0.6
2026-07-27T00:00:10.0861374-04:00,0,3.1,0.6
2026-07-27T00:00:10.0891324-04:00,0,3.1,0.6
2026-07-27T00:00:10.0923285-04:00,0,3.1,0.6
2026-07-27T00:00:10.0952852-04:00,0,3.1,0.6
2026-07-27T00:00:10.0985290-04:00,0,3.1,0.6
2026-07-27T00:00:10.1016729-04:00,0,3.1,0.6
2026-07-27T00:00:10.1052435-04:00,0,3.1,0.6
2026-07-27T00:00:10.1083348-04:00,0,3.1,0.6
2026-07-27T00:00:10.1115697-04:00,0,3.1,0.6
2026-07-27T00:00:10.1144535-04:00,0,3.1,0.6
2026-07-27T00:00:10.1179473-04:00,0,3.1,0.6
2026-07-27T00:00:10.1215996-04:00,0,3.1,0.6
2026-07-27T00:00:10.1250395-04:00,0,3.1,0.6
2026-07-27T00:00:10.1282446-04:00,0,3.1,0.6
2026-07-27T00:00:10.1322296-04:00,0,3.1,0.6
2026-07-27T00:00:10.1359966-04:00,0,3.1,0.6
2026-07-27T00:00:10.1395433-04:00,0,3.1,0.6
2026-07-27T00:00:10.1429166-04:00,0,3.1,0.6
2026-07-27T00:00:10.1461285-04:00,0,3.1,0.6
2026-07-27T00:00:10.1497215-04:00,0,3.1,0.6
2026-07-27T00:00:10.1529815-04:00,0,3.1,0.6
2026-07-27T00:00:10.1562143-04:00,0,3.1,0.6
2026-07-27T00:00:10.1595324-04:00,0,3.1,0.6
2026-07-27T00:00:10.1629659-04:00,0,3.1,0.6
2026-07-27T00:00:10.1664907-04:00,0,3.1,0.6
2026-07-27T00:00:10.1699220-04:00,0,3.1,0.6
2026-07-27T00:00:10.1731158-04:00,0,3.1,0.6
2026-07-27T00:00:10.1763126-04:00,0,3.1,0.6
2026-07-27T00:00:10.1803791-04:00,0,3.1,0.6
2026-07-27T00:00:10.1837494-04:00,0,3.1,0.6
2026-07-27T00:00:10.1870147-04:00,0,3.1,0.6
2026-07-27T00:00:10.1902543-04:00,0,3.1,0.6
2026-07-27T00:00:10.1935236-04:00,0,3.1,0.6
2026-07-27T00:00:10.1970378-04:00,0,3.1,0.6
2026-07-27T00:00:10.2004089-04:00,0,3.1,0.6
2026-07-27T00:00:10.2037317-04:00,0,3.1,0.6
2026-07-27T00:00:10.2069667-04:00,0,3.1,0.6
2026-07-27T00:00:10.2102471-04:00,0,3.1,0.6
2026-07-27T00:00:10.2135737-04:00,0,3.1,0.6
2026-07-27T00:00:10.2168018-04:00,0,3.1,0.6
2026-07-27T00:00:10.2200262-04:00,0,3.1,0.6
2026-07-27T00:00:10.2232477-04:00,0,3.1,0.6
2026-07-27T00:00:10.2264705-04:00,0,3.1,0.6
2026-07-27T00:00:10.2296884-04:00,0,3.1,0.6
2026-07-27T00:00:10.2329201-04:00,0,3.1,0.6
2026-07-27T00:00:10.2361527-04:00,0,3.1,0.6
2026-07-27T00:00:10.2394631-04:00,0,3.1,0.6
2026-07-27T00:00:10.2429506-04:00,0,3.1,0.6
2026-07-27T00:00:10.2463177-04:00,0,3.1,0.6
2026-07-27T00:00:10.2496261-04:00,0,3.1,0.6
2026-07-27T00:00:10.2530867-04:00,0,3.1,0.6
2026-07-27T00:00:10.2571582-04:00,0,3.1,0.6
2026-07-27T00:00:10.2610169-04:00,0,3.1,0.6
2026-07-27T00:00:10.2643585-04:00,0,3.1,0.6
2026-07-27T00:00:10.2678803-04:00,0,3.1,0.6
2026-07-27T00:00:10.2714363-04:00,0,3.1,0.6
2026-07-27T00:00:10.2749807-04:00,0,3.1,0.6
2026-07-27T00:00:10.2780451-04:00,0,3.1,0.6
2026-07-27T00:00:10.2810652-04:00,0,3.1,0.6
2026-07-27T00:00:10.2840608-04:00,0,3.1,0.6
2026-07-27T00:00:10.2870459-04:00,0,3.1,0.6
2026-07-27T00:00:10.2902673-04:00,0,3.1,0.6
2026-07-27T00:00:10.2933930-04:00,0,3.1,0.6
2026-07-27T00:00:10.2963670-04:00,0,3.1,0.6
2026-07-27T00:00:10.2992718-04:00,0,3.1,0.6
2026-07-27T00:00:10.3025736-04:00,0,3.1,0.6
2026-07-27T00:00:10.3057818-04:00,0,3.1,0.6
2026-07-27T00:00:10.3090333-04:00,0,3.1,0.6
2026-07-27T00:00:10.3121040-04:00,0,3.1,0.6
2026-07-27T00:00:10.3151175-04:00,0,3.1,0.6
2026-07-27T00:00:10.3183525-04:00,0,3.1,0.6
2026-07-27T00:00:10.3215326-04:00,0,3.1,0.6
2026-07-27T00:00:10.3246642-04:00,0,3.1,0.6
2026-07-27T00:00:10.3277730-04:00,0,3.1,0.6
2026-07-27T00:00:10.3314751-04:00,0,3.1,0.6
2026-07-27T00:00:10.3346294-04:00,0,3.1,0.6
2026-07-27T00:00:10.3375970-04:00,0,3.1,0.6
2026-07-27T00:00:10.3405820-04:00,0,3.1,0.6
2026-07-27T00:00:10.3435051-04:00,0,3.1,0.6
2026-07-27T00:00:10.3464341-04:00,0,3.1,0.6
2026-07-27T00:00:10.3493563-04:00,0,3.1,0.6
2026-07-27T00:00:10.3528045-04:00,0,3.1,0.6
2026-07-27T00:00:10.3558049-04:00,0,3.1,0.6
2026-07-27T00:00:10.3586894-04:00,0,3.1,0.6
2026-07-27T00:00:10.3615931-04:00,0,3.1,0.6
2026-07-27T00:00:10.3644931-04:00,0,3.1,0.6
2026-07-27T00:00:10.3676059-04:00,0,3.1,0.6
2026-07-27T00:00:10.3707052-04:00,0,3.1,0.6
2026-07-27T00:00:10.3736269-04:00,0,3.1,0.6
2026-07-27T00:00:10.3767741-04:00,0,3.1,0.6
2026-07-27T00:00:10.3799066-04:00,0,3.1,0.6
2026-07-27T00:00:10.3829201-04:00,0,3.1,0.6
2026-07-27T00:00:10.3861391-04:00,0,3.1,0.6
2026-07-27T00:00:10.3893308-04:00,0,3.1,0.6
2026-07-27T00:00:10.3928089-04:00,0,3.1,0.6
2026-07-27T00:00:10.3962623-04:00,0,3.1,0.6
2026-07-27T00:00:10.4000438-04:00,0,3.1,0.6
2026-07-27T00:00:10.4043555-04:00,0,3.1,0.6
2026-07-27T00:00:10.4076043-04:00,0,3.1,0.6
2026-07-27T00:00:10.4106736-04:00,0,3.1,0.6
2026-07-27T00:00:10.4139661-04:00,0,3.1,0.6
2026-07-27T00:00:10.4171803-04:00,0,3.1,0.6
2026-07-27T00:00:10.4205104-04:00,0,3.1,0.6
2026-07-27T00:00:10.4235279-04:00,0,3.1,0.6
2026-07-27T00:00:10.4266242-04:00,0,3.1,0.6
2026-07-27T00:00:10.4296819-04:00,0,3.1,0.6
2026-07-27T00:00:10.4327154-04:00,0,3.1,0.6
2026-07-27T00:00:10.4356438-04:00,0,3.1,0.6
2026-07-27T00:00:10.4385047-04:00,0,3.1,0.6
2026-07-27T00:00:10.4414143-04:00,0,3.1,0.6
2026-07-27T00:00:10.4443812-04:00,0,3.1,0.6
2026-07-27T00:00:10.4473189-04:00,0,3.1,0.6
2026-07-27T00:00:10.4501820-04:00,0,3.1,0.6
2026-07-27T00:00:10.4530384-04:00,0,3.1,0.6
2026-07-27T00:00:10.4558579-04:00,0,3.1,0.6
2026-07-27T00:00:10.4587158-04:00,0,3.1,0.6
2026-07-27T00:00:10.4619078-04:00,0,3.1,0.6
2026-07-27T00:00:10.4651580-04:00,0,3.1,0.6
2026-07-27T00:00:10.4680749-04:00,0,3.1,0.6
2026-07-27T00:00:10.4716955-04:00,0,3.1,0.6
2026-07-27T00:00:10.4747829-04:00,0,3.1,0.6
2026-07-27T00:00:10.4778682-04:00,0,3.1,0.6
2026-07-27T00:00:10.4808434-04:00,0,3.1,0.6
2026-07-27T00:00:10.4836757-04:00,0,3.1,0.6
2026-07-27T00:00:10.4865559-04:00,0,3.1,0.6
2026-07-27T00:00:10.4894272-04:00,0,3.1,0.6
2026-07-27T00:00:10.4922274-04:00,0,3.1,0.6
2026-07-27T00:00:10.4951109-04:00,0,3.1,0.6
2026-07-27T00:00:10.4979266-04:00,0,3.1,0.6
2026-07-27T00:00:10.5007801-04:00,0,3.1,0.6
2026-07-27T00:00:10.5035843-04:00,0,3.1,0.6
2026-07-27T00:00:10.5064139-04:00,0,3.1,0.6
2026-07-27T00:00:10.5093908-04:00,0,3.1,0.6
2026-07-27T00:00:10.5123181-04:00,0,3.1,0.6
2026-07-27T00:00:10.5153386-04:00,0,3.1,0.6
2026-07-27T00:00:10.5182605-04:00,0,3.1,0.6
2026-07-27T00:00:10.5211433-04:00,0,3.1,0.6
2026-07-27T00:00:10.5240054-04:00,0,3.1,0.6
2026-07-27T00:00:10.5268998-04:00,0,3.1,0.6
2026-07-27T00:00:10.5297729-04:00,0,3.1,0.6
2026-07-27T00:00:10.5327929-04:00,0,3.1,0.6
2026-07-27T00:00:10.5356487-04:00,0,3.1,0.6
2026-07-27T00:00:10.5391678-04:00,0,3.1,0.6
2026-07-27T00:00:10.5424758-04:00,0,3.1,0.6
2026-07-27T00:00:10.5454025-04:00,0,3.1,0.6
2026-07-27T00:00:10.5482718-04:00,0,3.1,0.6
2026-07-27T00:00:10.5512099-04:00,0,3.1,0.6
2026-07-27T00:00:10.5541727-04:00,0,3.1,0.6
2026-07-27T00:00:10.5573623-04:00,0,3.1,0.6
2026-07-27T00:00:10.5602152-04:00,0,3.1,0.6
2026-07-27T00:00:10.5632208-04:00,0,3.1,0.6
2026-07-27T00:00:10.5660151-04:00,0,3.1,0.6
2026-07-27T00:00:10.5688489-04:00,0,3.1,0.6
2026-07-27T00:00:10.5717172-04:00,0,3.1,0.6
2026-07-27T00:00:10.5747074-04:00,0,3.1,0.6
2026-07-27T00:00:10.5777570-04:00,0,3.1,0.6
2026-07-27T00:00:10.5805856-04:00,0,3.1,0.6
2026-07-27T00:00:10.5836884-04:00,0,3.1,0.6
2026-07-27T00:00:10.5866246-04:00,0,3.1,0.6
2026-07-27T00:00:10.5895558-04:00,0,3.1,0.6
2026-07-27T00:00:10.5923974-04:00,0,3.1,0.6
2026-07-27T00:00:10.5952021-04:00,0,3.1,0.6
2026-07-27T00:00:10.5980452-04:00,0,3.1,0.6
2026-07-27T00:00:10.6008336-04:00,0,3.1,0.6
2026-07-27T00:00:10.6037168-04:00,0,3.1,0.6
2026-07-27T00:00:10.6071546-04:00,0,3.1,0.6
2026-07-27T00:00:10.6101455-04:00,0,3.1,0.6
2026-07-27T00:00:10.6132551-04:00,0,3.1,0.6
2026-07-27T00:00:10.6162594-04:00,0,3.1,0.6
2026-07-27T00:00:10.6191453-04:00,0,3.1,0.6
2026-07-27T00:00:10.6220188-04:00,0,3.1,0.6
2026-07-27T00:00:10.6248395-04:00,0,3.1,0.6
2026-07-27T00:00:10.6276864-04:00,0,3.1,0.6
2026-07-27T00:00:10.6305225-04:00,0,3.1,0.6
2026-07-27T00:00:10.6333848-04:00,0,3.1,0.6
2026-07-27T00:00:10.6362731-04:00,0,3.1,0.6
2026-07-27T00:00:10.6391602-04:00,0,3.1,0.6
2026-07-27T00:00:10.6421023-04:00,0,3.1,0.6
2026-07-27T00:00:10.6450828-04:00,0,3.1,0.6
2026-07-27T00:00:10.6482135-04:00,0,3.1,0.6
2026-07-27T00:00:10.6514993-04:00,0,3.1,0.6
2026-07-27T00:00:10.6549105-04:00,0,3.1,0.6
2026-07-27T00:00:10.6583427-04:00,0,3.1,0.6
2026-07-27T00:00:10.6617775-04:00,0,3.1,0.6
2026-07-27T00:00:10.6654746-04:00,0,3.1,0.6
2026-07-27T00:00:10.6690676-04:00,0,3.1,0.6
2026-07-27T00:00:10.6727640-04:00,0,3.1,0.6
2026-07-27T00:00:10.6767613-04:00,0,3.1,0.6
2026-07-27T00:00:10.6801999-04:00,0,3.1,0.6
2026-07-27T00:00:10.6835973-04:00,0,3.1,0.6
2026-07-27T00:00:10.6871715-04:00,0,3.1,0.6
2026-07-27T00:00:10.6905053-04:00,0,3.1,0.6
2026-07-27T00:00:10.6938354-04:00,0,3.1,0.6
2026-07-27T00:00:10.6968962-04:00,0,3.1,0.6
2026-07-27T00:00:10.7003812-04:00,0,3.1,0.6
2026-07-27T00:00:10.7034918-04:00,0,3.1,0.6
2026-07-27T00:00:10.7067729-04:00,0,3.1,0.6
2026-07-27T00:00:10.7099580-04:00,0,3.1,0.6
2026-07-27T00:00:10.7133821-04:00,0,3.1,0.6
2026-07-27T00:00:10.7169084-04:00,0,3.1,0.6
2026-07-27T00:00:10.7199897-04:00,0,3.1,0.6
2026-07-27T00:00:10.7229943-04:00,0,3.1,0.6
2026-07-27T00:00:10.7262861-04:00,0,3.1,0.6
2026-07-27T00:00:10.7294288-04:00,0,3.1,0.6
2026-07-27T00:00:10.7327014-04:00,0,3.1,0.6
2026-07-27T00:00:10.7357280-04:00,0,3.1,0.6
2026-07-27T00:00:10.7389016-04:00,0,3.1,0.6
2026-07-27T00:00:10.7422552-04:00,0,3.1,0.6
2026-07-27T00:00:10.7454813-04:00,0,3.1,0.6
2026-07-27T00:00:10.7486940-04:00,0,3.1,0.6
2026-07-27T00:00:10.7523933-04:00,0,3.1,0.6
2026-07-27T00:00:10.7556192-04:00,0,3.1,0.6
2026-07-27T00:00:10.7586455-04:00,0,3.1,0.6
2026-07-27T00:00:10.7618738-04:00,0,3.1,0.6
2026-07-27T00:00:10.7650814-04:00,0,3.1,0.6
2026-07-27T00:00:10.7685625-04:00,0,3.1,0.6
2026-07-27T00:00:10.7717814-04:00,0,3.1,0.6
2026-07-27T00:00:10.7748509-04:00,0,3.1,0.6
2026-07-27T00:00:10.7778698-04:00,0,3.1,0.6
2026-07-27T00:00:10.7809703-04:00,0,3.1,0.6
2026-07-27T00:00:10.7839491-04:00,0,3.1,0.6
2026-07-27T00:00:10.7870154-04:00,0,3.1,0.6
2026-07-27T00:00:10.7902523-04:00,0,3.1,0.6
2026-07-27T00:00:10.7933019-04:00,0,3.1,0.6
2026-07-27T00:00:10.7965028-04:00,0,3.1,0.6
2026-07-27T00:00:10.7995139-04:00,0,3.1,0.6
2026-07-27T00:00:10.8023120-04:00,0,3.1,0.6
2026-07-27T00:00:10.8054463-04:00,0,3.1,0.6
2026-07-27T00:00:10.8083069-04:00,0,3.1,0.6
2026-07-27T00:00:10.8110924-04:00,0,3.1,0.6
2026-07-27T00:00:10.8139369-04:00,0,3.1,0.6
2026-07-27T00:00:10.8169029-04:00,0,3.1,0.6
2026-07-27T00:00:10.8199889-04:00,0,3.1,0.6
2026-07-27T00:00:10.8235648-04:00,0,3.1,0.6
2026-07-27T00:00:10.8268188-04:00,0,3.1,0.6
2026-07-27T00:00:10.8303568-04:00,0,3.1,0.6
2026-07-27T00:00:10.8335100-04:00,0,3.1,0.6
2026-07-27T00:00:10.8365692-04:00,0,3.1,0.6
2026-07-27T00:00:10.8395037-04:00,0,3.1,0.6
2026-07-27T00:00:10.8425693-04:00,0,3.1,0.6
2026-07-27T00:00:10.8455792-04:00,0,3.1,0.6
2026-07-27T00:00:10.8484839-04:00,0,3.1,0.6
2026-07-27T00:00:10.8514805-04:00,0,3.1,0.6
2026-07-27T00:00:10.8546018-04:00,0,3.1,0.6
2026-07-27T00:00:10.8575460-04:00,0,3.1,0.6
2026-07-27T00:00:10.8604473-04:00,0,3.1,0.6
2026-07-27T00:00:10.8633908-04:00,0,3.1,0.6
2026-07-27T00:00:10.8662704-04:00,0,3.1,0.6
2026-07-27T00:00:10.8691355-04:00,0,3.1,0.6
2026-07-27T00:00:10.8719176-04:00,0,3.1,0.6
2026-07-27T00:00:10.8750768-04:00,0,3.1,0.6
2026-07-27T00:00:10.8779744-04:00,0,3.1,0.6
2026-07-27T00:00:10.8808360-04:00,0,3.1,0.6
2026-07-27T00:00:10.8836370-04:00,0,3.1,0.6
2026-07-27T00:00:10.8863967-04:00,0,3.1,0.6
2026-07-27T00:00:10.8895316-04:00,0,3.1,0.6
2026-07-27T00:00:10.8932634-04:00,0,3.1,0.6
2026-07-27T00:00:10.8961979-04:00,0,3.1,0.6
2026-07-27T00:00:10.8990481-04:00,0,3.1,0.6
2026-07-27T00:00:10.9018809-04:00,0,3.1,0.6
2026-07-27T00:00:10.9052247-04:00,0,3.1,0.6
2026-07-27T00:00:10.9087176-04:00,0,3.1,0.6
2026-07-27T00:00:10.9117261-04:00,0,3.1,0.6
2026-07-27T00:00:10.9146751-04:00,0,3.1,0.6
2026-07-27T00:00:10.9176280-04:00,0,3.1,0.6
2026-07-27T00:00:10.9205376-04:00,0,3.1,0.6
2026-07-27T00:00:10.9233859-04:00,0,3.1,0.6
2026-07-27T00:00:10.9261945-04:00,0,3.1,0.6
2026-07-27T00:00:10.9291907-04:00,0,3.1,0.6
2026-07-27T00:00:10.9320613-04:00,0,3.1,0.6
2026-07-27T00:00:10.9348991-04:00,0,3.1,0.6
2026-07-27T00:00:10.9378639-04:00,0,3.1,0.6
2026-07-27T00:00:10.9407549-04:00,0,3.1,0.6
2026-07-27T00:00:10.9437718-04:00,0,3.1,0.6
2026-07-27T00:00:10.9465842-04:00,0,3.1,0.6
2026-07-27T00:00:10.9494298-04:00,0,3.1,0.6
2026-07-27T00:00:10.9528182-04:00,0,3.1,0.6
2026-07-27T00:00:10.9559453-04:00,0,3.1,0.6
2026-07-27T00:00:10.9597935-04:00,0,3.1,0.6
2026-07-27T00:00:10.9632297-04:00,0,3.1,0.6
2026-07-27T00:00:10.9665160-04:00,0,3.1,0.6
2026-07-27T00:00:10.9694678-04:00,0,3.1,0.6
2026-07-27T00:00:10.9724481-04:00,0,3.1,0.6
2026-07-27T00:00:10.9754442-04:00,0,3.1,0.6
2026-07-27T00:00:10.9782954-04:00,0,3.1,0.6
2026-07-27T00:00:10.9811341-04:00,0,3.1,0.6
2026-07-27T00:00:10.9839727-04:00,0,3.1,0.6
2026-07-27T00:00:10.9868434-04:00,0,3.1,0.6
2026-07-27T00:00:10.9897289-04:00,0,3.1,0.6
2026-07-27T00:00:10.9925367-04:00,0,3.1,0.6
2026-07-27T00:00:10.9954210-04:00,0,3.1,0.6
2026-07-27T00:00:10.9981992-04:00,0,3.1,0.6
2026-07-27T00:00:11.0010870-04:00,0,3.1,0.6
2026-07-27T00:00:11.0040237-04:00,0,3.1,0.6
2026-07-27T00:00:11.0069054-04:00,0,3.1,0.6
2026-07-27T00:00:11.0097465-04:00,0,3.1,0.6
2026-07-27T00:00:11.0128498-04:00,0,3.1,0.6
2026-07-27T00:00:11.0166944-04:00,0,3.1,0.6
2026-07-27T00:00:11.0211929-04:00,0,3.1,0.6
2026-07-27T00:00:11.0248981-04:00,0,3.1,0.6
2026-07-27T00:00:11.0282729-04:00,0,3.1,0.6
2026-07-27T00:00:11.0322460-04:00,0,3.1,0.6
2026-07-27T00:00:11.0361225-04:00,0,3.4,0.8
2026-07-27T00:00:11.0397463-04:00,0,3.4,0.8
2026-07-27T00:00:11.0431834-04:00,0,3.4,0.8
2026-07-27T00:00:11.0466347-04:00,0,3.4,0.8
2026-07-27T00:00:11.0500310-04:00,0,3.4,0.8
2026-07-27T00:00:11.0535715-04:00,0,3.4,0.8
2026-07-27T00:00:11.0568175-04:00,0,3.4,0.8
2026-07-27T00:00:11.0600974-04:00,0,3.4,0.8
2026-07-27T00:00:11.0636713-04:00,0,3.4,0.8
2026-07-27T00:00:11.0670388-04:00,0,3.4,0.8
2026-07-27T00:00:11.0703255-04:00,0,3.4,0.8
2026-07-27T00:00:11.0734992-04:00,0,3.4,0.8
2026-07-27T00:00:11.0766627-04:00,0,3.4,0.8
2026-07-27T00:00:11.0798794-04:00,0,3.4,0.8
2026-07-27T00:00:11.0831348-04:00,0,3.4,0.8
2026-07-27T00:00:11.0863446-04:00,0,3.4,0.8
2026-07-27T00:00:11.0893180-04:00,0,3.4,0.8
2026-07-27T00:00:11.0922418-04:00,0,3.4,0.8
2026-07-27T00:00:11.0953464-04:00,0,3.4,0.8
2026-07-27T00:00:11.0983363-04:00,0,3.4,0.8
2026-07-27T00:00:11.1011914-04:00,0,3.4,0.8
2026-07-27T00:00:11.1041434-04:00,0,3.4,0.8
2026-07-27T00:00:11.1076044-04:00,0,3.4,0.8
2026-07-27T00:00:11.1106104-04:00,0,3.4,0.8
2026-07-27T00:00:11.1136309-04:00,0,3.4,0.8
2026-07-27T00:00:11.1167362-04:00,0,3.4,0.8
2026-07-27T00:00:11.1196480-04:00,0,3.4,0.8
2026-07-27T00:00:11.1225174-04:00,0,3.4,0.8
2026-07-27T00:00:11.1257579-04:00,0,3.4,0.8
2026-07-27T00:00:11.1288911-04:00,0,3.4,0.8
2026-07-27T00:00:11.1318283-04:00,0,3.4,0.8
2026-07-27T00:00:11.1347953-04:00,0,3.4,0.8
2026-07-27T00:00:11.1377396-04:00,0,3.4,0.8
2026-07-27T00:00:11.1411060-04:00,0,3.4,0.8
2026-07-27T00:00:11.1442655-04:00,0,3.4,0.8
2026-07-27T00:00:11.1472561-04:00,0,3.4,0.8
2026-07-27T00:00:11.1502274-04:00,0,3.4,0.8
2026-07-27T00:00:11.1531573-04:00,0,3.4,0.8
2026-07-27T00:00:11.1560878-04:00,0,3.4,0.8
2026-07-27T00:00:11.1591492-04:00,0,3.4,0.8
2026-07-27T00:00:11.1622366-04:00,0,3.4,0.8
2026-07-27T00:00:11.1654131-04:00,0,3.4,0.8
2026-07-27T00:00:11.1686045-04:00,0,3.4,0.8
2026-07-27T00:00:11.1716803-04:00,0,3.4,0.8
2026-07-27T00:00:11.1753873-04:00,0,3.4,0.8
2026-07-27T00:00:11.1788803-04:00,0,3.4,0.8
2026-07-27T00:00:11.1819862-04:00,0,3.4,0.8
2026-07-27T00:00:11.1848418-04:00,0,3.4,0.8
2026-07-27T00:00:11.1879301-04:00,0,3.4,0.8
2026-07-27T00:00:11.1909738-04:00,0,3.4,0.8
2026-07-27T00:00:11.1939742-04:00,0,3.4,0.8
2026-07-27T00:00:11.1969278-04:00,0,3.4,0.8
2026-07-27T00:00:11.1998922-04:00,0,3.4,0.8
2026-07-27T00:00:11.2029047-04:00,0,3.4,0.8
2026-07-27T00:00:11.2060255-04:00,0,3.4,0.8
2026-07-27T00:00:11.2091645-04:00,0,3.4,0.8
2026-07-27T00:00:11.2121466-04:00,0,3.4,0.8
2026-07-27T00:00:11.2150241-04:00,0,3.4,0.8
2026-07-27T00:00:11.2179104-04:00,0,3.4,0.8
2026-07-27T00:00:11.2208517-04:00,0,3.4,0.8
2026-07-27T00:00:11.2238478-04:00,0,3.4,0.8
2026-07-27T00:00:11.2269998-04:00,0,3.4,0.8
2026-07-27T00:00:11.2299934-04:00,0,3.4,0.8
2026-07-27T00:00:11.2330096-04:00,0,3.4,0.8
2026-07-27T00:00:11.2359554-04:00,0,3.4,0.8
2026-07-27T00:00:11.2389640-04:00,0,3.4,0.8
2026-07-27T00:00:11.2419953-04:00,0,3.4,0.8
2026-07-27T00:00:11.2456663-04:00,0,3.4,0.8
2026-07-27T00:00:11.2486679-04:00,0,3.4,0.8
2026-07-27T00:00:11.2515823-04:00,0,3.4,0.8
2026-07-27T00:00:11.2548381-04:00,0,3.4,0.8
2026-07-27T00:00:11.2580288-04:00,0,3.4,0.8
2026-07-27T00:00:11.2610209-04:00,0,3.4,0.8
2026-07-27T00:00:11.2639192-04:00,0,3.4,0.8
2026-07-27T00:00:11.2666846-04:00,0,3.4,0.8
2026-07-27T00:00:11.2693851-04:00,0,3.4,0.8
2026-07-27T00:00:11.2723919-04:00,0,3.4,0.8
2026-07-27T00:00:11.2754785-04:00,0,3.4,0.8
2026-07-27T00:00:11.2785673-04:00,0,3.4,0.8
2026-07-27T00:00:11.2816466-04:00,0,3.4,0.8
2026-07-27T00:00:11.2848241-04:00,0,3.4,0.8
2026-07-27T00:00:11.2879718-04:00,0,3.4,0.8
2026-07-27T00:00:11.2913129-04:00,0,3.4,0.8
2026-07-27T00:00:11.2945729-04:00,0,3.4,0.8
2026-07-27T00:00:11.2975708-04:00,0,3.4,0.8
2026-07-27T00:00:11.3004700-04:00,0,3.4,0.8
2026-07-27T00:00:11.3033400-04:00,0,3.4,0.8
2026-07-27T00:00:11.3063046-04:00,0,3.4,0.8
2026-07-27T00:00:11.3094365-04:00,0,3.4,0.8
2026-07-27T00:00:11.3126813-04:00,0,3.4,0.8
2026-07-27T00:00:11.3163716-04:00,0,3.4,0.8
2026-07-27T00:00:11.3195595-04:00,0,3.4,0.8
2026-07-27T00:00:11.3225594-04:00,0,3.4,0.8
2026-07-27T00:00:11.3255844-04:00,0,3.4,0.8
2026-07-27T00:00:11.3285614-04:00,0,3.4,0.8
2026-07-27T00:00:11.3314798-04:00,0,3.4,0.8
2026-07-27T00:00:11.3345461-04:00,0,3.4,0.8
2026-07-27T00:00:11.3375705-04:00,0,3.4,0.8
2026-07-27T00:00:11.3405713-04:00,0,3.4,0.8
2026-07-27T00:00:11.3435212-04:00,0,3.4,0.8
2026-07-27T00:00:11.3463912-04:00,0,3.4,0.8
2026-07-27T00:00:11.3494401-04:00,0,3.4,0.8
2026-07-27T00:00:11.3522605-04:00,0,3.4,0.8
2026-07-27T00:00:11.3552503-04:00,0,3.4,0.8
2026-07-27T00:00:11.3581410-04:00,0,3.4,0.8
2026-07-27T00:00:11.3610245-04:00,0,3.4,0.8
2026-07-27T00:00:11.3638456-04:00,0,3.4,0.8
2026-07-27T00:00:11.3667136-04:00,0,3.4,0.8
2026-07-27T00:00:11.3695134-04:00,0,3.4,0.8
2026-07-27T00:00:11.3729527-04:00,0,3.4,0.8
2026-07-27T00:00:11.3759677-04:00,0,3.4,0.8
2026-07-27T00:00:11.3789477-04:00,0,3.4,0.8
2026-07-27T00:00:11.3822316-04:00,0,3.4,0.8
2026-07-27T00:00:11.3852462-04:00,0,3.4,0.8
2026-07-27T00:00:11.3880320-04:00,0,3.4,0.8
2026-07-27T00:00:11.3910496-04:00,0,3.4,0.8
2026-07-27T00:00:11.3943825-04:00,0,3.4,0.8
2026-07-27T00:00:11.3979020-04:00,0,3.4,0.8
2026-07-27T00:00:11.4012787-04:00,0,3.4,0.8
2026-07-27T00:00:11.4047940-04:00,0,3.4,0.8
2026-07-27T00:00:11.4080589-04:00,0,3.4,0.8
2026-07-27T00:00:11.4111879-04:00,0,3.4,0.8
2026-07-27T00:00:11.4141625-04:00,0,3.4,0.8
2026-07-27T00:00:11.4170595-04:00,0,3.4,0.8
2026-07-27T00:00:11.4198690-04:00,0,3.4,0.8
2026-07-27T00:00:11.4227223-04:00,0,3.4,0.8
2026-07-27T00:00:11.4254788-04:00,0,3.4,0.8
2026-07-27T00:00:11.4286131-04:00,0,3.4,0.8
2026-07-27T00:00:11.4316115-04:00,0,3.4,0.8
2026-07-27T00:00:11.4344907-04:00,0,3.4,0.8
2026-07-27T00:00:11.4374745-04:00,0,3.4,0.8
2026-07-27T00:00:11.4403337-04:00,0,3.4,0.8
2026-07-27T00:00:11.4433297-04:00,0,3.4,0.8
2026-07-27T00:00:11.4463086-04:00,0,3.4,0.8
2026-07-27T00:00:11.4492951-04:00,0,3.4,0.8
2026-07-27T00:00:11.4527902-04:00,0,3.4,0.8
2026-07-27T00:00:11.4557859-04:00,0,3.4,0.8
2026-07-27T00:00:11.4588679-04:00,0,3.4,0.8
2026-07-27T00:00:11.4620019-04:00,0,3.4,0.8
2026-07-27T00:00:11.4648791-04:00,0,3.4,0.8
2026-07-27T00:00:11.4679228-04:00,0,3.4,0.8
2026-07-27T00:00:11.4711387-04:00,0,3.4,0.8
2026-07-27T00:00:11.4743551-04:00,0,3.4,0.8
2026-07-27T00:00:11.4773248-04:00,0,3.4,0.8
2026-07-27T00:00:11.4804051-04:00,0,3.4,0.8
2026-07-27T00:00:11.4832697-04:00,0,3.4,0.8
2026-07-27T00:00:11.4862018-04:00,0,3.4,0.8
2026-07-27T00:00:11.4891553-04:00,0,3.4,0.8
2026-07-27T00:00:11.4922464-04:00,0,3.4,0.8
2026-07-27T00:00:11.4953596-04:00,0,3.4,0.8
2026-07-27T00:00:11.4984311-04:00,0,3.4,0.8
2026-07-27T00:00:11.5013505-04:00,0,3.4,0.8
2026-07-27T00:00:11.5042414-04:00,0,3.4,0.8
2026-07-27T00:00:11.5071415-04:00,0,3.4,0.8
2026-07-27T00:00:11.5099355-04:00,0,3.4,0.8
2026-07-27T00:00:11.5128499-04:00,0,3.4,0.8
2026-07-27T00:00:11.5158367-04:00,0,3.4,0.8
2026-07-27T00:00:11.5188921-04:00,0,3.4,0.8
2026-07-27T00:00:11.5227999-04:00,0,3.4,0.8
2026-07-27T00:00:11.5263069-04:00,0,3.4,0.8
2026-07-27T00:00:11.5294988-04:00,0,3.4,0.8
2026-07-27T00:00:11.5325167-04:00,0,3.4,0.8
2026-07-27T00:00:11.5354188-04:00,0,3.4,0.8
2026-07-27T00:00:11.5389129-04:00,0,3.4,0.8
2026-07-27T00:00:11.5420699-04:00,0,3.4,0.8
2026-07-27T00:00:11.5450588-04:00,0,3.4,0.8
2026-07-27T00:00:11.5479719-04:00,0,3.4,0.8
2026-07-27T00:00:11.5509698-04:00,0,3.4,0.8
2026-07-27T00:00:11.5540217-04:00,0,3.4,0.8
2026-07-27T00:00:11.5568929-04:00,0,3.4,0.8
2026-07-27T00:00:11.5598578-04:00,0,3.4,0.8
2026-07-27T00:00:11.5626560-04:00,0,3.4,0.8
2026-07-27T00:00:11.5654815-04:00,0,3.4,0.8
2026-07-27T00:00:11.5688595-04:00,0,3.4,0.8
2026-07-27T00:00:11.5719305-04:00,0,3.4,0.8
2026-07-27T00:00:11.5749425-04:00,0,3.4,0.8
2026-07-27T00:00:11.5778221-04:00,0,3.4,0.8
2026-07-27T00:00:11.5806934-04:00,0,3.4,0.8
2026-07-27T00:00:11.5835021-04:00,0,3.4,0.8
2026-07-27T00:00:11.5865187-04:00,0,3.4,0.8
2026-07-27T00:00:11.5894039-04:00,0,3.4,0.8
2026-07-27T00:00:11.5932239-04:00,0,3.4,0.8
2026-07-27T00:00:11.5961121-04:00,0,3.4,0.8
2026-07-27T00:00:11.5993019-04:00,0,3.4,0.8
2026-07-27T00:00:11.6023940-04:00,0,3.4,0.8
2026-07-27T00:00:11.6055601-04:00,0,3.4,0.8
2026-07-27T00:00:11.6083663-04:00,0,3.4,0.8
2026-07-27T00:00:11.6116014-04:00,0,3.4,0.8
2026-07-27T00:00:11.6144976-04:00,0,3.4,0.8
2026-07-27T00:00:11.6177573-04:00,0,3.4,0.8
2026-07-27T00:00:11.6207364-04:00,0,3.4,0.8
2026-07-27T00:00:11.6235580-04:00,0,3.4,0.8
2026-07-27T00:00:11.6263377-04:00,0,3.4,0.8
2026-07-27T00:00:11.6291093-04:00,0,3.4,0.8
2026-07-27T00:00:11.6318462-04:00,0,3.4,0.8
2026-07-27T00:00:11.6346315-04:00,0,3.4,0.8
2026-07-27T00:00:11.6374315-04:00,0,3.4,0.8
2026-07-27T00:00:11.6402424-04:00,0,3.4,0.8
2026-07-27T00:00:11.6430014-04:00,0,3.4,0.8
2026-07-27T00:00:11.6457423-04:00,0,3.4,0.8
2026-07-27T00:00:11.6485761-04:00,0,3.4,0.8
2026-07-27T00:00:11.6514095-04:00,0,3.4,0.8
2026-07-27T00:00:11.6544788-04:00,0,3.4,0.8
2026-07-27T00:00:11.6582121-04:00,0,3.4,0.8
2026-07-27T00:00:11.6614123-04:00,0,3.4,0.8
2026-07-27T00:00:11.6644493-04:00,0,3.4,0.8
2026-07-27T00:00:11.6674739-04:00,0,3.4,0.8
2026-07-27T00:00:11.6705832-04:00,0,3.4,0.8
2026-07-27T00:00:11.6734626-04:00,0,3.4,0.8
2026-07-27T00:00:11.6764275-04:00,0,3.4,0.8
2026-07-27T00:00:11.6793408-04:00,0,3.4,0.8
2026-07-27T00:00:11.6824925-04:00,0,3.4,0.8
2026-07-27T00:00:11.6855004-04:00,0,3.4,0.8
2026-07-27T00:00:11.6883510-04:00,0,3.4,0.8
2026-07-27T00:00:11.6911686-04:00,0,3.4,0.8
2026-07-27T00:00:11.6942291-04:00,0,3.4,0.8
2026-07-27T00:00:11.6971642-04:00,0,3.4,0.8
2026-07-27T00:00:11.7001618-04:00,0,3.4,0.8
2026-07-27T00:00:11.7030441-04:00,0,3.4,0.8
2026-07-27T00:00:11.7058367-04:00,0,3.4,0.8
2026-07-27T00:00:11.7087359-04:00,0,3.4,0.8
2026-07-27T00:00:11.7115904-04:00,0,3.4,0.8
2026-07-27T00:00:11.7146306-04:00,0,3.4,0.8
2026-07-27T00:00:11.7174870-04:00,0,3.4,0.8
2026-07-27T00:00:11.7204969-04:00,0,3.4,0.8
2026-07-27T00:00:11.7234294-04:00,0,3.4,0.8
2026-07-27T00:00:11.7269975-04:00,0,3.4,0.8
2026-07-27T00:00:11.7305611-04:00,0,3.4,0.8
2026-07-27T00:00:11.7337380-04:00,0,3.4,0.8
2026-07-27T00:00:11.7367298-04:00,0,3.4,0.8
2026-07-27T00:00:11.7398997-04:00,0,3.4,0.8
2026-07-27T00:00:11.7428909-04:00,0,3.4,0.8
2026-07-27T00:00:11.7459411-04:00,0,3.4,0.8
2026-07-27T00:00:11.7488041-04:00,0,3.4,0.8
2026-07-27T00:00:11.7517636-04:00,0,3.4,0.8
2026-07-27T00:00:11.7546383-04:00,0,3.4,0.8
2026-07-27T00:00:11.7576155-04:00,0,3.4,0.8
2026-07-27T00:00:11.7605155-04:00,0,3.4,0.8
2026-07-27T00:00:11.7635124-04:00,0,3.4,0.8
2026-07-27T00:00:11.7663816-04:00,0,3.4,0.8
2026-07-27T00:00:11.7692117-04:00,0,3.4,0.8
2026-07-27T00:00:11.7719938-04:00,0,3.4,0.8
2026-07-27T00:00:11.7747763-04:00,0,3.4,0.8
2026-07-27T00:00:11.7776591-04:00,0,3.4,0.8
2026-07-27T00:00:11.7804399-04:00,0,3.4,0.8
2026-07-27T00:00:11.7832252-04:00,0,3.4,0.8
2026-07-27T00:00:11.7861988-04:00,0,3.4,0.8
2026-07-27T00:00:11.7890707-04:00,0,3.4,0.8
2026-07-27T00:00:11.7919207-04:00,0,3.4,0.8
2026-07-27T00:00:11.7954753-04:00,0,3.4,0.8
2026-07-27T00:00:11.7984361-04:00,0,3.4,0.8
2026-07-27T00:00:11.8012304-04:00,0,3.4,0.8
2026-07-27T00:00:11.8041575-04:00,0,3.4,0.8
2026-07-27T00:00:11.8069713-04:00,0,3.4,0.8
2026-07-27T00:00:11.8098426-04:00,0,3.4,0.8
2026-07-27T00:00:11.8126185-04:00,0,3.4,0.8
2026-07-27T00:00:11.8156982-04:00,0,3.4,0.8
2026-07-27T00:00:11.8185149-04:00,0,3.4,0.8
2026-07-27T00:00:11.8214103-04:00,0,3.4,0.8
2026-07-27T00:00:11.8243800-04:00,0,3.4,0.8
2026-07-27T00:00:11.8274514-04:00,0,3.4,0.8
2026-07-27T00:00:11.8303376-04:00,0,3.4,0.8
2026-07-27T00:00:11.8331709-04:00,0,3.4,0.8
2026-07-27T00:00:11.8359975-04:00,0,3.4,0.8
2026-07-27T00:00:11.8391417-04:00,0,3.4,0.8
2026-07-27T00:00:11.8423474-04:00,0,3.4,0.8
2026-07-27T00:00:11.8457057-04:00,0,3.4,0.9
2026-07-27T00:00:11.8489423-04:00,0,3.4,0.9
2026-07-27T00:00:11.8520597-04:00,0,3.4,0.9
2026-07-27T00:00:11.8553596-04:00,0,3.4,0.9
2026-07-27T00:00:11.8588569-04:00,0,3.4,0.9
2026-07-27T00:00:11.8627276-04:00,0,3.4,0.9
2026-07-27T00:00:11.8662259-04:00,0,3.4,0.9
2026-07-27T00:00:11.8695999-04:00,0,3.4,0.9
2026-07-27T00:00:11.8729832-04:00,0,3.4,0.9
2026-07-27T00:00:11.8763036-04:00,0,3.4,0.9
2026-07-27T00:00:11.8794018-04:00,0,3.4,0.9
2026-07-27T00:00:11.8824278-04:00,0,3.4,0.9
2026-07-27T00:00:11.8856032-04:00,0,3.4,0.9
2026-07-27T00:00:11.8888262-04:00,0,3.4,0.9
2026-07-27T00:00:11.8919743-04:00,0,3.4,0.9
2026-07-27T00:00:11.8953004-04:00,0,3.4,0.9
2026-07-27T00:00:11.8986408-04:00,0,3.4,0.9
2026-07-27T00:00:11.9017599-04:00,0,3.4,0.9
2026-07-27T00:00:11.9052998-04:00,0,3.4,0.9
2026-07-27T00:00:11.9086397-04:00,0,3.4,0.9
2026-07-27T00:00:11.9117356-04:00,0,3.4,0.9
2026-07-27T00:00:11.9146604-04:00,0,3.4,0.9
2026-07-27T00:00:11.9178941-04:00,0,3.4,0.9
2026-07-27T00:00:11.9208448-04:00,0,3.4,0.9
2026-07-27T00:00:11.9236474-04:00,0,3.4,0.9
2026-07-27T00:00:11.9267600-04:00,0,3.4,0.9
2026-07-27T00:00:11.9296005-04:00,0,3.4,0.9
2026-07-27T00:00:11.9325245-04:00,0,3.4,0.9
2026-07-27T00:00:11.9359964-04:00,0,3.4,0.9
2026-07-27T00:00:11.9390411-04:00,0,3.4,0.9
2026-07-27T00:00:11.9418831-04:00,0,3.4,0.9
2026-07-27T00:00:11.9447485-04:00,0,3.4,0.9
2026-07-27T00:00:11.9475853-04:00,0,3.4,0.9
2026-07-27T00:00:11.9507926-04:00,0,3.4,0.9
2026-07-27T00:00:11.9539183-04:00,0,3.4,0.9
2026-07-27T00:00:11.9569374-04:00,0,3.4,0.9
2026-07-27T00:00:11.9599050-04:00,0,3.4,0.9
2026-07-27T00:00:11.9628307-04:00,0,3.4,0.9
2026-07-27T00:00:11.9658915-04:00,0,3.4,0.9
2026-07-27T00:00:11.9688956-04:00,0,3.4,0.9
2026-07-27T00:00:11.9718482-04:00,0,3.4,0.9
2026-07-27T00:00:11.9746706-04:00,0,3.4,0.9
2026-07-27T00:00:11.9775273-04:00,0,3.4,0.9
2026-07-27T00:00:11.9803277-04:00,0,3.4,0.9
2026-07-27T00:00:11.9834702-04:00,0,3.4,0.9
2026-07-27T00:00:11.9864270-04:00,0,3.4,0.9
2026-07-27T00:00:11.9892357-04:00,0,3.4,0.9
2026-07-27T00:00:11.9921191-04:00,0,3.4,0.9
2026-07-27T00:00:11.9949390-04:00,0,3.4,0.9
2026-07-27T00:00:11.9978872-04:00,0,3.4,0.9
2026-07-27T00:00:12.0007117-04:00,0,3.4,0.9
2026-07-27T00:00:12.0042835-04:00,0,3.4,0.9
2026-07-27T00:00:12.0072726-04:00,0,3.4,0.9
2026-07-27T00:00:12.0103912-04:00,0,3.4,0.9
2026-07-27T00:00:12.0136860-04:00,0,3.4,0.9
2026-07-27T00:00:12.0168495-04:00,0,3.4,0.9
2026-07-27T00:00:12.0198155-04:00,0,3.4,0.9
2026-07-27T00:00:12.0226867-04:00,0,3.4,0.9
2026-07-27T00:00:12.0258913-04:00,0,3.4,0.9
2026-07-27T00:00:12.0291830-04:00,0,3.4,0.9
2026-07-27T00:00:12.0325958-04:00,0,3.4,0.9
2026-07-27T00:00:12.0357143-04:00,0,3.4,0.9
2026-07-27T00:00:12.0386527-04:00,0,3.4,0.9
2026-07-27T00:00:12.0415853-04:00,0,3.4,0.9
2026-07-27T00:00:12.0444905-04:00,0,3.4,0.9
2026-07-27T00:00:12.0475076-04:00,0,3.4,0.9
2026-07-27T00:00:12.0503987-04:00,0,3.4,0.9
2026-07-27T00:00:12.0533936-04:00,0,3.4,0.9
2026-07-27T00:00:12.0565238-04:00,0,3.4,0.9
2026-07-27T00:00:12.0597950-04:00,0,3.4,0.9
2026-07-27T00:00:12.0628338-04:00,0,3.4,0.9
2026-07-27T00:00:12.0657956-04:00,0,3.4,0.9
2026-07-27T00:00:12.0689611-04:00,0,3.4,0.9
2026-07-27T00:00:12.0723017-04:00,0,3.5,1.1
2026-07-27T00:00:12.0762210-04:00,0,3.5,1.1
2026-07-27T00:00:12.0794862-04:00,0,3.5,1.1
2026-07-27T00:00:12.0826491-04:00,0,3.5,1.1
2026-07-27T00:00:12.0858991-04:00,0,3.5,1.1
2026-07-27T00:00:12.0889450-04:00,0,3.5,1.1
2026-07-27T00:00:12.0920850-04:00,0,3.5,1.1
2026-07-27T00:00:12.0952333-04:00,0,3.5,1.1
2026-07-27T00:00:12.0988401-04:00,0,3.5,1.1
2026-07-27T00:00:12.1020196-04:00,0,3.5,1.1
2026-07-27T00:00:12.1049947-04:00,0,3.5,1.1
2026-07-27T00:00:12.1079199-04:00,0,3.5,1.1
2026-07-27T00:00:12.1108079-04:00,0,3.5,1.1
2026-07-27T00:00:12.1136645-04:00,0,3.5,1.1
2026-07-27T00:00:12.1168652-04:00,0,3.5,1.1
2026-07-27T00:00:12.1199856-04:00,0,3.5,1.1
2026-07-27T00:00:12.1235074-04:00,0,3.5,1.1
2026-07-27T00:00:12.1265377-04:00,0,3.5,1.1
2026-07-27T00:00:12.1299258-04:00,0,3.9,1.8
2026-07-27T00:00:12.1331124-04:00,0,3.9,1.8
2026-07-27T00:00:12.1360933-04:00,0,3.9,1.8
2026-07-27T00:00:12.1390427-04:00,0,3.9,1.8
2026-07-27T00:00:12.1421280-04:00,0,3.9,1.8
2026-07-27T00:00:12.1457107-04:00,0,3.9,1.8
2026-07-27T00:00:12.1488091-04:00,0,3.9,1.8
2026-07-27T00:00:12.1518020-04:00,0,3.9,1.8
2026-07-27T00:00:12.1548137-04:00,0,3.9,1.8
2026-07-27T00:00:12.1576977-04:00,0,3.9,1.8
2026-07-27T00:00:12.1605462-04:00,0,3.9,1.8
2026-07-27T00:00:12.1633671-04:00,0,3.9,1.8
2026-07-27T00:00:12.1662753-04:00,0,3.9,1.8
2026-07-27T00:00:12.1690181-04:00,0,3.9,1.8
2026-07-27T00:00:12.1719237-04:00,0,3.9,1.8
2026-07-27T00:00:12.1748407-04:00,0,3.9,1.8
2026-07-27T00:00:12.1777110-04:00,0,3.9,1.8
2026-07-27T00:00:12.1806316-04:00,0,3.9,1.8
2026-07-27T00:00:12.1834686-04:00,0,3.9,1.8
2026-07-27T00:00:12.1865009-04:00,0,3.9,1.8
2026-07-27T00:00:12.1897596-04:00,0,3.9,1.8
2026-07-27T00:00:12.1927539-04:00,0,3.9,1.8
2026-07-27T00:00:12.1955955-04:00,0,3.9,1.8
2026-07-27T00:00:12.1983579-04:00,0,3.9,1.8
2026-07-27T00:00:12.2013121-04:00,0,3.9,1.8
2026-07-27T00:00:12.2042778-04:00,0,3.9,1.8
2026-07-27T00:00:12.2072748-04:00,0,3.9,1.8
2026-07-27T00:00:12.2101851-04:00,0,3.9,1.8
2026-07-27T00:00:12.2139075-04:00,0,3.9,1.8
2026-07-27T00:00:12.2168439-04:00,0,3.9,1.8
2026-07-27T00:00:12.2197178-04:00,0,3.9,1.8
2026-07-27T00:00:12.2227791-04:00,0,3.9,1.8
2026-07-27T00:00:12.2259325-04:00,0,3.9,1.8
2026-07-27T00:00:12.2290298-04:00,0,3.9,1.8
2026-07-27T00:00:12.2321247-04:00,0,3.9,1.8
2026-07-27T00:00:12.2355495-04:00,0,3.9,1.8
2026-07-27T00:00:12.2386106-04:00,0,3.9,1.8
2026-07-27T00:00:12.2415421-04:00,0,3.9,1.8
2026-07-27T00:00:12.2444895-04:00,0,3.9,1.8
2026-07-27T00:00:12.2473719-04:00,0,3.9,1.8
2026-07-27T00:00:12.2503735-04:00,0,3.9,1.8
2026-07-27T00:00:12.2533941-04:00,0,3.9,1.8
2026-07-27T00:00:12.2563338-04:00,0,3.9,1.8
2026-07-27T00:00:12.2591534-04:00,0,3.9,1.8
2026-07-27T00:00:12.2619735-04:00,0,3.9,1.8
2026-07-27T00:00:12.2648355-04:00,0,3.9,1.8
2026-07-27T00:00:12.2676656-04:00,0,3.9,1.8
2026-07-27T00:00:12.2707749-04:00,0,3.9,1.8
2026-07-27T00:00:12.2735842-04:00,0,3.9,1.8
2026-07-27T00:00:12.2763741-04:00,0,3.9,1.8
2026-07-27T00:00:12.2794282-04:00,0,3.9,1.8
2026-07-27T00:00:12.2833049-04:00,0,3.9,1.8
2026-07-27T00:00:12.2864421-04:00,0,3.9,1.8
2026-07-27T00:00:12.2894386-04:00,0,3.9,1.8
2026-07-27T00:00:12.2922974-04:00,0,3.9,1.8
2026-07-27T00:00:12.2951214-04:00,0,3.9,1.8
2026-07-27T00:00:12.2982013-04:00,0,3.9,1.8
2026-07-27T00:00:12.3011153-04:00,0,3.9,1.8
2026-07-27T00:00:12.3038996-04:00,0,3.9,1.8
2026-07-27T00:00:12.3067645-04:00,0,3.9,1.8
2026-07-27T00:00:12.3095636-04:00,0,3.9,1.8
2026-07-27T00:00:12.3125123-04:00,0,3.9,1.8
2026-07-27T00:00:12.3157771-04:00,0,3.9,1.8
2026-07-27T00:00:12.3188579-04:00,0,3.9,1.8
2026-07-27T00:00:12.3218738-04:00,0,3.9,1.8
2026-07-27T00:00:12.3250911-04:00,0,3.9,1.8
2026-07-27T00:00:12.3280538-04:00,0,3.9,1.8
2026-07-27T00:00:12.3311028-04:00,0,3.9,1.8
2026-07-27T00:00:12.3341409-04:00,0,3.9,1.8
2026-07-27T00:00:12.3371962-04:00,0,3.9,1.8
2026-07-27T00:00:12.3400640-04:00,0,3.9,1.8
2026-07-27T00:00:12.3431843-04:00,0,3.9,1.8
2026-07-27T00:00:12.3464278-04:00,0,3.9,1.8
2026-07-27T00:00:12.3498582-04:00,0,3.9,1.8
2026-07-27T00:00:12.3530306-04:00,0,3.9,1.8
2026-07-27T00:00:12.3559723-04:00,0,3.9,1.8
2026-07-27T00:00:12.3588201-04:00,0,3.9,1.8
2026-07-27T00:00:12.3619816-04:00,0,3.9,1.8
2026-07-27T00:00:12.3649067-04:00,0,3.9,1.8
2026-07-27T00:00:12.3677819-04:00,0,3.9,1.8
2026-07-27T00:00:12.3706303-04:00,0,3.9,1.8
2026-07-27T00:00:12.3735305-04:00,0,3.9,1.8
2026-07-27T00:00:12.3764984-04:00,0,3.9,1.8
2026-07-27T00:00:12.3795071-04:00,0,3.9,1.8
2026-07-27T00:00:12.3823622-04:00,0,3.9,1.8
2026-07-27T00:00:12.3851514-04:00,0,3.9,1.8
2026-07-27T00:00:12.3879368-04:00,0,3.9,1.8
2026-07-27T00:00:12.3908450-04:00,0,3.9,1.8
2026-07-27T00:00:12.3940198-04:00,0,3.9,1.8
2026-07-27T00:00:12.3970194-04:00,0,3.9,1.8
2026-07-27T00:00:12.4001266-04:00,0,3.9,1.8
2026-07-27T00:00:12.4030202-04:00,0,3.9,1.8
2026-07-27T00:00:12.4060985-04:00,0,3.9,1.8
2026-07-27T00:00:12.4097155-04:00,0,3.9,1.8
2026-07-27T00:00:12.4130921-04:00,0,3.9,1.8
2026-07-27T00:00:12.4161919-04:00,0,3.9,1.8
2026-07-27T00:00:12.4197534-04:00,0,3.9,1.8
2026-07-27T00:00:12.4226990-04:00,0,3.9,1.8
2026-07-27T00:00:12.4258134-04:00,0,3.9,1.8
2026-07-27T00:00:12.4288375-04:00,0,3.9,1.8
2026-07-27T00:00:12.4316942-04:00,0,3.9,1.8
2026-07-27T00:00:12.4345480-04:00,0,3.9,1.8
2026-07-27T00:00:12.4374081-04:00,0,3.9,1.8
2026-07-27T00:00:12.4403659-04:00,0,3.9,1.8
2026-07-27T00:00:12.4431777-04:00,0,3.9,1.8
2026-07-27T00:00:12.4460045-04:00,0,3.9,1.8
2026-07-27T00:00:12.4487847-04:00,0,3.9,1.8
2026-07-27T00:00:12.4518954-04:00,0,3.9,1.8
2026-07-27T00:00:12.4549638-04:00,0,3.9,1.8
2026-07-27T00:00:12.4580047-04:00,0,3.9,1.8
2026-07-27T00:00:12.4609899-04:00,0,3.9,1.8
2026-07-27T00:00:12.4641455-04:00,0,3.9,1.8
2026-07-27T00:00:12.4669980-04:00,0,3.9,1.8
2026-07-27T00:00:12.4702401-04:00,0,3.9,1.8
2026-07-27T00:00:12.4731890-04:00,0,3.9,1.8
2026-07-27T00:00:12.4763672-04:00,0,3.9,1.8
2026-07-27T00:00:12.4792282-04:00,0,3.9,1.8
2026-07-27T00:00:12.4824306-04:00,0,3.9,1.8
2026-07-27T00:00:12.4855164-04:00,0,3.9,1.8
2026-07-27T00:00:12.4892300-04:00,0,3.9,1.8
2026-07-27T00:00:12.4924020-04:00,0,3.9,1.8
2026-07-27T00:00:12.4954374-04:00,0,3.9,1.8
2026-07-27T00:00:12.4983137-04:00,0,3.9,1.8
2026-07-27T00:00:12.5012982-04:00,0,3.9,1.8
2026-07-27T00:00:12.5044339-04:00,0,3.9,1.8
2026-07-27T00:00:12.5073517-04:00,0,3.9,1.8
2026-07-27T00:00:12.5102438-04:00,0,3.9,1.8
2026-07-27T00:00:12.5135834-04:00,0,3.9,1.8
2026-07-27T00:00:12.5169037-04:00,471.9,3.9,1.8
2026-07-27T00:00:12.5201405-04:00,0,3.9,1.8
2026-07-27T00:00:12.5232978-04:00,0,3.9,1.8
2026-07-27T00:00:12.5263462-04:00,0,3.9,1.8
2026-07-27T00:00:12.5293783-04:00,0,3.9,1.8
2026-07-27T00:00:12.5324608-04:00,0,3.9,1.8
2026-07-27T00:00:12.5357047-04:00,0,3.9,1.8
2026-07-27T00:00:12.5390694-04:00,0,3.9,1.8
2026-07-27T00:00:12.5421608-04:00,0,3.9,1.8
2026-07-27T00:00:12.5451394-04:00,0,3.9,1.8
2026-07-27T00:00:12.5480446-04:00,0,3.9,1.8
2026-07-27T00:00:12.5509528-04:00,0,3.9,1.8
2026-07-27T00:00:12.5538170-04:00,0,3.9,1.8
2026-07-27T00:00:12.5567098-04:00,0,3.9,1.8
2026-07-27T00:00:12.5602466-04:00,0,3.9,1.8
2026-07-27T00:00:12.5634403-04:00,0,3.9,1.8
2026-07-27T00:00:12.5665580-04:00,0,3.9,1.8
2026-07-27T00:00:12.5700502-04:00,0,3.9,1.8
2026-07-27T00:00:12.5731341-04:00,0,3.9,1.8
2026-07-27T00:00:12.5764993-04:00,0,3.9,1.8
2026-07-27T00:00:12.5794326-04:00,0,3.9,1.8
2026-07-27T00:00:12.5824377-04:00,0,3.9,1.8
2026-07-27T00:00:12.5853214-04:00,0,3.9,1.8
2026-07-27T00:00:12.5882044-04:00,0,3.9,1.8
2026-07-27T00:00:12.5910489-04:00,0,3.9,1.8
2026-07-27T00:00:12.5938631-04:00,0,3.9,1.8
2026-07-27T00:00:12.5967162-04:00,0,3.9,1.8
2026-07-27T00:00:12.5997153-04:00,0,3.9,1.8
2026-07-27T00:00:12.6026809-04:00,0,3.9,1.8
2026-07-27T00:00:12.6056118-04:00,0,3.9,1.8
2026-07-27T00:00:12.6084247-04:00,0,3.9,1.8
2026-07-27T00:00:12.6113006-04:00,0,3.9,1.8
2026-07-27T00:00:12.6141937-04:00,0,3.9,1.8
2026-07-27T00:00:12.6170570-04:00,0,3.9,1.8
2026-07-27T00:00:12.6199438-04:00,0,3.9,1.8
2026-07-27T00:00:12.6227805-04:00,0,3.9,1.8
2026-07-27T00:00:12.6263221-04:00,0,3.9,1.8
2026-07-27T00:00:12.6294294-04:00,0,3.9,1.8
2026-07-27T00:00:12.6323193-04:00,0,3.9,1.8
2026-07-27T00:00:12.6352547-04:00,0,3.9,1.8
2026-07-27T00:00:12.6382933-04:00,0,3.9,1.8
2026-07-27T00:00:12.6412736-04:00,0,3.9,1.8
2026-07-27T00:00:12.6441391-04:00,0,3.9,1.8
2026-07-27T00:00:12.6470921-04:00,0,3.9,1.8
2026-07-27T00:00:12.6499411-04:00,0,3.9,1.8
2026-07-27T00:00:12.6527710-04:00,0,3.9,1.8
2026-07-27T00:00:12.6555904-04:00,0,3.9,1.8
2026-07-27T00:00:12.6583985-04:00,0,3.9,1.8
2026-07-27T00:00:12.6613089-04:00,0,3.9,1.8
2026-07-27T00:00:12.6641959-04:00,0,3.9,1.8
2026-07-27T00:00:12.6671586-04:00,0,3.9,1.8
2026-07-27T00:00:12.6701718-04:00,0,3.9,1.8
2026-07-27T00:00:12.6732381-04:00,0,3.9,1.8
2026-07-27T00:00:12.6762501-04:00,0,3.9,1.8
2026-07-27T00:00:12.6793409-04:00,0,3.9,1.8
2026-07-27T00:00:12.6823196-04:00,0,3.9,1.8
2026-07-27T00:00:12.6851560-04:00,0,3.9,1.8
2026-07-27T00:00:12.6880008-04:00,0,3.9,1.8
2026-07-27T00:00:12.6908736-04:00,0,3.9,1.8
2026-07-27T00:00:12.6944318-04:00,0,3.9,1.8
2026-07-27T00:00:12.6975090-04:00,0,3.9,1.8
2026-07-27T00:00:12.7004119-04:00,0,3.9,1.8
2026-07-27T00:00:12.7034988-04:00,0,3.9,1.8
2026-07-27T00:00:12.7063990-04:00,0,3.9,1.8
2026-07-27T00:00:12.7092546-04:00,0,3.9,1.8
2026-07-27T00:00:12.7121106-04:00,0,3.9,1.8
2026-07-27T00:00:12.7149905-04:00,0,3.9,1.8
2026-07-27T00:00:12.7178955-04:00,0,3.9,1.8
2026-07-27T00:00:12.7207425-04:00,0,3.9,1.8
2026-07-27T00:00:12.7235453-04:00,0,3.9,1.8
2026-07-27T00:00:12.7264148-04:00,0,3.9,1.8
2026-07-27T00:00:12.7293364-04:00,0,3.9,1.8
2026-07-27T00:00:12.7321744-04:00,0,3.9,1.8
2026-07-27T00:00:12.7351484-04:00,0,3.9,1.8
2026-07-27T00:00:12.7379845-04:00,0,3.9,1.8
2026-07-27T00:00:12.7408653-04:00,0,3.9,1.8
2026-07-27T00:00:12.7437376-04:00,0,3.9,1.8
2026-07-27T00:00:12.7465272-04:00,0,3.9,1.8
2026-07-27T00:00:12.7493570-04:00,0,3.9,1.8
2026-07-27T00:00:12.7521470-04:00,0,3.9,1.8
2026-07-27T00:00:12.7549170-04:00,0,3.9,1.8
2026-07-27T00:00:12.7579685-04:00,0,3.9,1.8
2026-07-27T00:00:12.7616630-04:00,0,3.9,1.8
2026-07-27T00:00:12.7649153-04:00,0,3.9,1.8
2026-07-27T00:00:12.7679274-04:00,0,3.9,1.8
2026-07-27T00:00:12.7708879-04:00,0,3.9,1.8
2026-07-27T00:00:12.7738102-04:00,0,3.9,1.8
2026-07-27T00:00:12.7766408-04:00,0,3.9,1.8
2026-07-27T00:00:12.7794660-04:00,0,3.9,1.8
2026-07-27T00:00:12.7822846-04:00,0,3.9,1.8
2026-07-27T00:00:12.7851138-04:00,0,3.9,1.8
2026-07-27T00:00:12.7883627-04:00,0,3.9,1.8
2026-07-27T00:00:12.7915539-04:00,0,3.9,1.8
2026-07-27T00:00:12.7945601-04:00,0,3.9,1.8
2026-07-27T00:00:12.7974536-04:00,0,3.9,1.8
2026-07-27T00:00:12.8003227-04:00,0,3.9,1.8
2026-07-27T00:00:12.8032766-04:00,0,3.9,1.8
2026-07-27T00:00:12.8065092-04:00,0,3.9,1.8
2026-07-27T00:00:12.8094535-04:00,0,3.9,1.8
2026-07-27T00:00:12.8123460-04:00,0,3.9,1.8
2026-07-27T00:00:12.8151825-04:00,0,3.9,1.8
2026-07-27T00:00:12.8185748-04:00,0,3.9,1.8
2026-07-27T00:00:12.8214933-04:00,0,3.9,1.8
2026-07-27T00:00:12.8244343-04:00,0,3.9,1.8
2026-07-27T00:00:12.8278669-04:00,0,3.9,1.8
2026-07-27T00:00:12.8309330-04:00,0,3.9,1.8
2026-07-27T00:00:12.8338748-04:00,0,3.9,1.8
2026-07-27T00:00:12.8366377-04:00,0,3.9,1.8
2026-07-27T00:00:12.8391999-04:00,0,3.9,1.8
2026-07-27T00:00:12.8419660-04:00,0,3.9,1.8
2026-07-27T00:00:12.8446863-04:00,0,3.9,1.8
2026-07-27T00:00:12.8474636-04:00,0,3.9,1.8
2026-07-27T00:00:12.8504794-04:00,0,3.9,1.8
2026-07-27T00:00:12.8536826-04:00,0,3.9,1.8
2026-07-27T00:00:12.8567592-04:00,0,3.9,1.8
2026-07-27T00:00:12.8597754-04:00,0,3.9,1.8
2026-07-27T00:00:12.8627247-04:00,0,3.9,1.8
2026-07-27T00:00:12.8658970-04:00,0,3.9,1.8
2026-07-27T00:00:12.8689845-04:00,0,3.9,1.8
2026-07-27T00:00:12.8721707-04:00,0,3.9,1.8
2026-07-27T00:00:12.8751810-04:00,0,3.9,1.8
2026-07-27T00:00:12.8785204-04:00,0,3.9,1.8
2026-07-27T00:00:12.8816485-04:00,0,3.9,1.8
2026-07-27T00:00:12.8847045-04:00,0,3.9,1.8
2026-07-27T00:00:12.8876288-04:00,0,3.9,1.8
2026-07-27T00:00:12.8904958-04:00,0,3.9,1.8
2026-07-27T00:00:12.8933382-04:00,0,3.9,1.8
2026-07-27T00:00:12.8974475-04:00,0,3.9,1.8
2026-07-27T00:00:12.9006425-04:00,0,3.9,1.8
2026-07-27T00:00:12.9038148-04:00,0,3.9,1.8
2026-07-27T00:00:12.9067053-04:00,0,3.9,1.8
2026-07-27T00:00:12.9097538-04:00,0,3.9,1.8
2026-07-27T00:00:12.9129286-04:00,0,3.9,1.8
2026-07-27T00:00:12.9167123-04:00,0,3.9,1.8
2026-07-27T00:00:12.9200493-04:00,0,3.9,1.8
2026-07-27T00:00:12.9231117-04:00,0,3.9,1.8
2026-07-27T00:00:12.9261137-04:00,0,3.9,1.8
2026-07-27T00:00:12.9291407-04:00,0,3.9,1.8
2026-07-27T00:00:12.9321313-04:00,0,3.9,1.8
2026-07-27T00:00:12.9350918-04:00,0,3.9,1.8
2026-07-27T00:00:12.9380456-04:00,0,3.9,1.8
2026-07-27T00:00:12.9410058-04:00,0,3.9,1.8
2026-07-27T00:00:12.9440116-04:00,0,3.9,1.8
2026-07-27T00:00:12.9476732-04:00,0,3.9,1.8
2026-07-27T00:00:12.9508550-04:00,0,3.9,1.8
2026-07-27T00:00:12.9539156-04:00,0,3.9,1.8
2026-07-27T00:00:12.9569976-04:00,0,3.9,1.8
2026-07-27T00:00:12.9600621-04:00,0,3.9,1.8
2026-07-27T00:00:12.9631498-04:00,0,3.9,1.8
2026-07-27T00:00:12.9661352-04:00,0,3.9,1.8
2026-07-27T00:00:12.9696948-04:00,0,3.9,1.8
2026-07-27T00:00:12.9730485-04:00,0,3.9,1.8
2026-07-27T00:00:12.9763987-04:00,0,4.6,1.9
2026-07-27T00:00:12.9795974-04:00,0,4.6,1.9
2026-07-27T00:00:12.9827751-04:00,0,4.7,2
2026-07-27T00:00:12.9858332-04:00,0,4.7,2
2026-07-27T00:00:12.9887987-04:00,0,4.7,2
2026-07-27T00:00:12.9917652-04:00,0,4.7,2
2026-07-27T00:00:12.9946881-04:00,0,4.7,2
2026-07-27T00:00:12.9976637-04:00,0,4.7,2
2026-07-27T00:00:13.0007004-04:00,0,4.7,2
2026-07-27T00:00:13.0036383-04:00,0,4.7,2
2026-07-27T00:00:13.0065979-04:00,0,4.7,2
2026-07-27T00:00:13.0095660-04:00,0,4.7,2
2026-07-27T00:00:13.0125309-04:00,0,4.7,2
2026-07-27T00:00:13.0155740-04:00,0,4.7,2
2026-07-27T00:00:13.0186314-04:00,0,4.7,2
2026-07-27T00:00:13.0216051-04:00,0,4.7,2
2026-07-27T00:00:13.0247345-04:00,0,4.7,2
2026-07-27T00:00:13.0277301-04:00,0,4.7,2
2026-07-27T00:00:13.0307295-04:00,0,4.7,2
2026-07-27T00:00:13.0335748-04:00,0,4.7,2
2026-07-27T00:00:13.0364138-04:00,0,4.7,2
2026-07-27T00:00:13.0399595-04:00,0,4.7,2
2026-07-27T00:00:13.0429724-04:00,0,4.7,2
2026-07-27T00:00:13.0459756-04:00,0,4.7,2
2026-07-27T00:00:13.0488012-04:00,0,4.7,2
2026-07-27T00:00:13.0517405-04:00,0,4.7,2
2026-07-27T00:00:13.0550517-04:00,0,4.7,2
2026-07-27T00:00:13.0581402-04:00,0,4.7,2
2026-07-27T00:00:13.0610529-04:00,0,4.7,2
2026-07-27T00:00:13.0639272-04:00,0,4.7,2
2026-07-27T00:00:13.0668164-04:00,0,4.7,2
2026-07-27T00:00:13.0697399-04:00,0,4.7,2
2026-07-27T00:00:13.0732869-04:00,0,4.7,2
2026-07-27T00:00:13.0763725-04:00,0,4.7,2
2026-07-27T00:00:13.0795934-04:00,0,4.7,2
2026-07-27T00:00:13.0827201-04:00,0,4.7,2
2026-07-27T00:00:13.0858871-04:00,0,4.7,2
2026-07-27T00:00:13.0888298-04:00,0,4.7,2
2026-07-27T00:00:13.0917815-04:00,0,4.7,2
2026-07-27T00:00:13.0947160-04:00,0,4.7,2
2026-07-27T00:00:13.0978592-04:00,0,4.7,2
2026-07-27T00:00:13.1009898-04:00,0,5.9,2.1
2026-07-27T00:00:13.1041584-04:00,0,8.8,2.7
2026-07-27T00:00:13.1080625-04:00,0,9.6,3
2026-07-27T00:00:13.1113599-04:00,0,9.6,3
2026-07-27T00:00:13.1145860-04:00,0,9.6,3
2026-07-27T00:00:13.1181866-04:00,0,9.6,3
2026-07-27T00:00:13.1216141-04:00,0,9.6,3
2026-07-27T00:00:13.1248283-04:00,0,9.6,3
2026-07-27T00:00:13.1278760-04:00,0,9.6,3
2026-07-27T00:00:13.1309288-04:00,0,9.6,3
2026-07-27T00:00:13.1342314-04:00,0,9.6,3
2026-07-27T00:00:13.1375153-04:00,0,9.6,3
2026-07-27T00:00:13.1407599-04:00,0,9.6,3
2026-07-27T00:00:13.1436896-04:00,0,9.6,3
2026-07-27T00:00:13.1466148-04:00,0,9.6,3
2026-07-27T00:00:13.1497657-04:00,0,9.6,3
2026-07-27T00:00:13.1528798-04:00,0,9.6,3
2026-07-27T00:00:13.1559648-04:00,0,9.6,3
2026-07-27T00:00:13.1588645-04:00,0,9.6,3
2026-07-27T00:00:13.1616845-04:00,0,9.6,3
2026-07-27T00:00:13.1645397-04:00,0,9.6,3
2026-07-27T00:00:13.1675820-04:00,0,9.6,3
2026-07-27T00:00:13.1706283-04:00,0,9.6,3
2026-07-27T00:00:13.1734867-04:00,0,9.6,3
2026-07-27T00:00:13.1763456-04:00,0,9.6,3
2026-07-27T00:00:13.1798968-04:00,0,9.6,3
2026-07-27T00:00:13.1832262-04:00,0,9.6,3
2026-07-27T00:00:13.1865616-04:00,0,9.6,3
2026-07-27T00:00:13.1897144-04:00,0,9.6,3
2026-07-27T00:00:13.1930415-04:00,0,9.6,3
2026-07-27T00:00:13.1966106-04:00,0,9.6,3
2026-07-27T00:00:13.2001837-04:00,0,9.6,3
2026-07-27T00:00:13.2035218-04:00,0,9.6,3
2026-07-27T00:00:13.2066662-04:00,0,9.6,3
2026-07-27T00:00:13.2098188-04:00,0,9.6,3
2026-07-27T00:00:13.2130243-04:00,0,9.6,3
2026-07-27T00:00:13.2162916-04:00,0,9.6,3
2026-07-27T00:00:13.2195217-04:00,0,9.6,3
2026-07-27T00:00:13.2226865-04:00,0,9.6,3
2026-07-27T00:00:13.2255456-04:00,0,9.6,3
2026-07-27T00:00:13.2287168-04:00,0,9.6,3
2026-07-27T00:00:13.2317818-04:00,0,9.6,3
2026-07-27T00:00:13.2348216-04:00,0,9.6,3
2026-07-27T00:00:13.2377517-04:00,0,9.6,3
2026-07-27T00:00:13.2406735-04:00,0,9.6,3
2026-07-27T00:00:13.2436646-04:00,0,9.6,3
2026-07-27T00:00:13.2468311-04:00,0,9.6,3
2026-07-27T00:00:13.2497223-04:00,0,9.6,3
2026-07-27T00:00:13.2531333-04:00,0,9.6,3
2026-07-27T00:00:13.2561071-04:00,0,9.6,3
2026-07-27T00:00:13.2590161-04:00,0,9.6,3
2026-07-27T00:00:13.2619635-04:00,0,9.6,3
2026-07-27T00:00:13.2648877-04:00,0,9.6,3
2026-07-27T00:00:13.2677853-04:00,0,9.6,3
2026-07-27T00:00:13.2706559-04:00,0,9.6,3
2026-07-27T00:00:13.2734895-04:00,0,9.6,3
2026-07-27T00:00:13.2764368-04:00,0,9.6,3
2026-07-27T00:00:13.2792567-04:00,0,9.6,3
2026-07-27T00:00:13.2821036-04:00,0,9.6,3
2026-07-27T00:00:13.2849219-04:00,0,9.6,3
2026-07-27T00:00:13.2877936-04:00,0,9.6,3
2026-07-27T00:00:13.2909360-04:00,0,9.6,3
2026-07-27T00:00:13.2939945-04:00,0,9.6,3
2026-07-27T00:00:13.2969890-04:00,0,9.6,3
2026-07-27T00:00:13.2999942-04:00,0,9.6,3
2026-07-27T00:00:13.3029518-04:00,0,9.6,3
2026-07-27T00:00:13.3062074-04:00,0,9.6,3
2026-07-27T00:00:13.3093421-04:00,0,9.6,3
2026-07-27T00:00:13.3122918-04:00,0,9.6,3
2026-07-27T00:00:13.3152021-04:00,0,9.6,3
2026-07-27T00:00:13.3185970-04:00,0,9.6,3
2026-07-27T00:00:13.3219633-04:00,0,9.6,3
2026-07-27T00:00:13.3248536-04:00,0,9.6,3
2026-07-27T00:00:13.3280588-04:00,0,9.6,3
2026-07-27T00:00:13.3317976-04:00,0,9.6,3
2026-07-27T00:00:13.3348772-04:00,0,9.6,3
2026-07-27T00:00:13.3379699-04:00,0,9.6,3
2026-07-27T00:00:13.3408896-04:00,0,9.6,3
2026-07-27T00:00:13.3437985-04:00,0,9.6,3
2026-07-27T00:00:13.3466322-04:00,0,9.6,3
2026-07-27T00:00:13.3495108-04:00,0,9.6,3
2026-07-27T00:00:13.3524055-04:00,0,9.6,3
2026-07-27T00:00:13.3557221-04:00,0,9.6,3
2026-07-27T00:00:13.3588354-04:00,0,9.6,3
2026-07-27T00:00:13.3620565-04:00,0,9.6,3
2026-07-27T00:00:13.3652805-04:00,0,9.6,3
2026-07-27T00:00:13.3685650-04:00,0,9.6,3
2026-07-27T00:00:13.3721117-04:00,0,9.6,3
2026-07-27T00:00:13.3753391-04:00,0,9.6,3
2026-07-27T00:00:13.3788506-04:00,0,9.6,3
2026-07-27T00:00:13.3822056-04:00,0,9.6,3
2026-07-27T00:00:13.3857599-04:00,0,9.6,3
2026-07-27T00:00:13.3891022-04:00,0,9.6,3
2026-07-27T00:00:13.3931702-04:00,0,9.6,3
2026-07-27T00:00:13.3967825-04:00,0,9.6,3
2026-07-27T00:00:13.4003507-04:00,0,9.6,3
2026-07-27T00:00:13.4038166-04:00,0,9.6,3
2026-07-27T00:00:13.4073233-04:00,0,9.6,3
2026-07-27T00:00:13.4108460-04:00,0,9.6,3
2026-07-27T00:00:13.4141865-04:00,0,9.6,3
2026-07-27T00:00:13.4177227-04:00,0,9.6,3
2026-07-27T00:00:13.4215593-04:00,0,9.6,3
2026-07-27T00:00:13.4250772-04:00,0,9.6,3
2026-07-27T00:00:13.4285166-04:00,0,9.6,3
2026-07-27T00:00:13.4318864-04:00,0,9.6,3
2026-07-27T00:00:13.4350409-04:00,0,9.6,3
2026-07-27T00:00:13.4384230-04:00,0,9.6,3
2026-07-27T00:00:13.4419388-04:00,0,9.6,3
2026-07-27T00:00:13.4452796-04:00,0,9.6,3
2026-07-27T00:00:13.4488347-04:00,0,9.6,3
2026-07-27T00:00:13.4522664-04:00,0,9.6,3
2026-07-27T00:00:13.4557519-04:00,0,9.6,3
2026-07-27T00:00:13.4591637-04:00,0,9.6,3
2026-07-27T00:00:13.4629694-04:00,0,9.6,3
2026-07-27T00:00:13.4663596-04:00,0,9.6,3
2026-07-27T00:00:13.4697882-04:00,0,9.6,3
2026-07-27T00:00:13.4737005-04:00,0,9.6,3
2026-07-27T00:00:13.4770139-04:00,0,9.6,3
2026-07-27T00:00:13.4802369-04:00,0,9.6,3
2026-07-27T00:00:13.4841238-04:00,0,9.6,3
2026-07-27T00:00:13.4879084-04:00,0,9.6,3
2026-07-27T00:00:13.4913819-04:00,0,9.6,3
2026-07-27T00:00:13.4949005-04:00,0,9.6,3
2026-07-27T00:00:13.4984966-04:00,0,9.6,3
2026-07-27T00:00:13.5025604-04:00,0,9.6,3
2026-07-27T00:00:13.5061741-04:00,0,9.6,3
2026-07-27T00:00:13.5097602-04:00,0,9.6,3
2026-07-27T00:00:13.5130868-04:00,0,9.6,3
2026-07-27T00:00:13.5164214-04:00,0,9.6,3
2026-07-27T00:00:13.5196812-04:00,0,9.6,3
2026-07-27T00:00:13.5229217-04:00,0,9.6,3
2026-07-27T00:00:13.5261060-04:00,0,9.6,3
2026-07-27T00:00:13.5293953-04:00,0,9.6,3
2026-07-27T00:00:13.5325203-04:00,0,9.6,3
2026-07-27T00:00:13.5356194-04:00,0,9.6,3
2026-07-27T00:00:13.5388687-04:00,0,9.6,3
2026-07-27T00:00:13.5420911-04:00,0,9.6,3
2026-07-27T00:00:13.5453081-04:00,0,9.6,3
2026-07-27T00:00:13.5488242-04:00,0,9.6,3
2026-07-27T00:00:13.5529136-04:00,0,9.6,3
2026-07-27T00:00:13.5561753-04:00,0,9.6,3
2026-07-27T00:00:13.5596820-04:00,0,9.6,3
2026-07-27T00:00:13.5631703-04:00,0,9.6,3
2026-07-27T00:00:13.5666775-04:00,0,9.6,3
2026-07-27T00:00:13.5698955-04:00,0,9.6,3
2026-07-27T00:00:13.5732799-04:00,0,9.6,3
2026-07-27T00:00:13.5769840-04:00,0,9.6,3
2026-07-27T00:00:13.5803746-04:00,0,9.6,3
2026-07-27T00:00:13.5837965-04:00,0,9.7,3
2026-07-27T00:00:13.5873935-04:00,0,9.7,3
2026-07-27T00:00:13.5911223-04:00,0,9.7,3
2026-07-27T00:00:13.5946037-04:00,0,9.7,3
2026-07-27T00:00:13.5979978-04:00,0,9.7,3
2026-07-27T00:00:13.6016033-04:00,0,9.7,3
2026-07-27T00:00:13.6051294-04:00,0,9.7,3
2026-07-27T00:00:13.6086618-04:00,0,9.7,3
2026-07-27T00:00:13.6119116-04:00,0,9.7,3
2026-07-27T00:00:13.6151594-04:00,0,9.7,3
2026-07-27T00:00:13.6187158-04:00,0,9.7,3
2026-07-27T00:00:13.6222653-04:00,0,9.7,3
2026-07-27T00:00:13.6256901-04:00,0,9.7,3
2026-07-27T00:00:13.6297985-04:00,0,9.7,3
2026-07-27T00:00:13.6332768-04:00,0,9.7,3
2026-07-27T00:00:13.6366169-04:00,0,9.7,3
2026-07-27T00:00:13.6397583-04:00,0,9.7,3
2026-07-27T00:00:13.6430285-04:00,0,9.7,3
2026-07-27T00:00:13.6462544-04:00,0,9.7,3
2026-07-27T00:00:13.6495711-04:00,0,9.7,3
2026-07-27T00:00:13.6528435-04:00,0,9.7,3
2026-07-27T00:00:13.6559672-04:00,0,9.7,3
2026-07-27T00:00:13.6591946-04:00,0,9.7,3
2026-07-27T00:00:13.6623844-04:00,0,9.7,3
2026-07-27T00:00:13.6655596-04:00,0,9.7,3
2026-07-27T00:00:13.6687365-04:00,0,9.7,3
2026-07-27T00:00:13.6718659-04:00,0,9.7,3
2026-07-27T00:00:13.6751144-04:00,0,9.7,3
2026-07-27T00:00:13.6783974-04:00,0,9.7,3
2026-07-27T00:00:13.6818660-04:00,0,9.7,3
2026-07-27T00:00:13.6853382-04:00,0,9.7,3
2026-07-27T00:00:13.6887619-04:00,0,9.7,3
2026-07-27T00:00:13.6920868-04:00,0,9.7,3
2026-07-27T00:00:13.6953248-04:00,0,9.7,3
2026-07-27T00:00:13.6987674-04:00,0,9.7,3
2026-07-27T00:00:13.7019844-04:00,0,9.7,3
2026-07-27T00:00:13.7060910-04:00,0,9.7,3
2026-07-27T00:00:13.7097464-04:00,0,9.7,3
2026-07-27T00:00:13.7130851-04:00,0,9.7,3
2026-07-27T00:00:13.7162919-04:00,0,9.7,3
2026-07-27T00:00:13.7194943-04:00,0,9.7,3
2026-07-27T00:00:13.7226680-04:00,0,9.7,3
2026-07-27T00:00:13.7258498-04:00,0,9.7,3
2026-07-27T00:00:13.7290271-04:00,0,9.7,3
2026-07-27T00:00:13.7322052-04:00,0,9.7,3
2026-07-27T00:00:13.7354562-04:00,0,9.7,3
2026-07-27T00:00:13.7387231-04:00,0,9.7,3
2026-07-27T00:00:13.7421795-04:00,0,9.7,3
2026-07-27T00:00:13.7453443-04:00,0,9.7,3
2026-07-27T00:00:13.7485765-04:00,0,9.7,3
2026-07-27T00:00:13.7517271-04:00,0,9.7,3
2026-07-27T00:00:13.7550335-04:00,0,9.7,3
2026-07-27T00:00:13.7584234-04:00,0,9.7,3
2026-07-27T00:00:13.7615423-04:00,0,9.7,3
2026-07-27T00:00:13.7649887-04:00,0,9.7,3
2026-07-27T00:00:13.7684407-04:00,0,9.7,3
2026-07-27T00:00:13.7724915-04:00,0,9.7,3
2026-07-27T00:00:13.7773201-04:00,0,9.7,3
2026-07-27T00:00:13.7822306-04:00,0,9.7,3
2026-07-27T00:00:13.7874501-04:00,0,9.7,3
2026-07-27T00:00:13.7918745-04:00,0,9.7,3
2026-07-27T00:00:13.7955834-04:00,0,9.7,3
2026-07-27T00:00:13.8002421-04:00,0,9.7,3
2026-07-27T00:00:13.8039827-04:00,0,9.7,3
2026-07-27T00:00:13.8071500-04:00,0,9.7,3
2026-07-27T00:00:13.8103445-04:00,0,9.7,3
2026-07-27T00:00:13.8134617-04:00,0,9.7,3
2026-07-27T00:00:13.8162992-04:00,0,9.7,3
2026-07-27T00:00:13.8191324-04:00,0,9.7,3
2026-07-27T00:00:13.8221864-04:00,0,9.7,3
2026-07-27T00:00:13.8249902-04:00,0,9.7,3
2026-07-27T00:00:13.8278757-04:00,0,9.7,3
2026-07-27T00:00:13.8309256-04:00,0,9.7,3
2026-07-27T00:00:13.8336998-04:00,0,9.7,3
2026-07-27T00:00:13.8365701-04:00,0,9.7,3
2026-07-27T00:00:13.8393683-04:00,0,9.7,3
2026-07-27T00:00:13.8420867-04:00,0,9.7,3
2026-07-27T00:00:13.8450360-04:00,0,9.7,3
2026-07-27T00:00:13.8480768-04:00,0,9.7,3
2026-07-27T00:00:13.8512915-04:00,0,9.7,3
2026-07-27T00:00:13.8543123-04:00,0,9.7,3
2026-07-27T00:00:13.8580037-04:00,0,9.7,3
2026-07-27T00:00:13.8623837-04:00,0,9.7,3
2026-07-27T00:00:13.8663004-04:00,0,9.7,3
2026-07-27T00:00:13.8709158-04:00,0,9.7,3
2026-07-27T00:00:13.8745732-04:00,0,9.7,3
2026-07-27T00:00:13.8778643-04:00,0,9.7,3
2026-07-27T00:00:13.8809766-04:00,0,9.7,3
2026-07-27T00:00:13.8840344-04:00,0,9.7,3
2026-07-27T00:00:13.8870467-04:00,0,9.7,3
2026-07-27T00:00:13.8898890-04:00,0,9.7,3
2026-07-27T00:00:13.8927219-04:00,0,9.7,3
2026-07-27T00:00:13.8956864-04:00,0,9.7,3
2026-07-27T00:00:13.8985929-04:00,0,9.7,3
2026-07-27T00:00:13.9014588-04:00,0,9.7,3
2026-07-27T00:00:13.9043402-04:00,0,9.7,3
2026-07-27T00:00:13.9071158-04:00,0,9.7,3
2026-07-27T00:00:13.9099233-04:00,0,9.7,3
2026-07-27T00:00:13.9129288-04:00,0,9.7,3
2026-07-27T00:00:13.9163246-04:00,0,9.7,3
2026-07-27T00:00:13.9195730-04:00,0,9.7,3
2026-07-27T00:00:13.9225008-04:00,0,9.7,3
2026-07-27T00:00:13.9254297-04:00,0,9.7,3
2026-07-27T00:00:13.9284042-04:00,0,9.7,3
2026-07-27T00:00:13.9323054-04:00,0,9.7,3
2026-07-27T00:00:13.9354348-04:00,0,9.7,3
2026-07-27T00:00:13.9383946-04:00,0,9.7,3
2026-07-27T00:00:13.9413144-04:00,0,9.7,3
2026-07-27T00:00:13.9446285-04:00,0,9.7,3
2026-07-27T00:00:13.9480559-04:00,0,9.7,3
2026-07-27T00:00:13.9511768-04:00,0,9.7,3
2026-07-27T00:00:13.9541526-04:00,0,9.7,3
2026-07-27T00:00:13.9572407-04:00,0,9.7,3
2026-07-27T00:00:13.9603615-04:00,0,9.7,3
2026-07-27T00:00:13.9633646-04:00,0,9.7,3
2026-07-27T00:00:13.9663517-04:00,0,9.7,3
2026-07-27T00:00:13.9694189-04:00,0,9.7,3
2026-07-27T00:00:13.9729567-04:00,0,9.7,3
2026-07-27T00:00:13.9762317-04:00,0,9.7,3
2026-07-27T00:00:13.9793205-04:00,0,9.7,3
2026-07-27T00:00:13.9822479-04:00,0,9.7,3
2026-07-27T00:00:13.9851095-04:00,0,9.7,3
2026-07-27T00:00:13.9880144-04:00,0,9.7,3
2026-07-27T00:00:13.9911226-04:00,0,9.7,3
2026-07-27T00:00:13.9939904-04:00,0,9.7,3
2026-07-27T00:00:13.9968365-04:00,0,9.7,3
2026-07-27T00:00:13.9996800-04:00,0,9.7,3
2026-07-27T00:00:14.0030249-04:00,0,9.7,3
2026-07-27T00:00:14.0059968-04:00,0,9.7,3
2026-07-27T00:00:14.0090539-04:00,0,9.7,3
2026-07-27T00:00:14.0119727-04:00,0,9.7,3
2026-07-27T00:00:14.0149271-04:00,0,9.7,3
2026-07-27T00:00:14.0177265-04:00,0,9.7,3
2026-07-27T00:00:14.0207164-04:00,0,9.7,3
2026-07-27T00:00:14.0235060-04:00,0,9.7,3
2026-07-27T00:00:14.0263954-04:00,0,9.7,3
2026-07-27T00:00:14.0294375-04:00,0,9.7,3
2026-07-27T00:00:14.0324103-04:00,0,9.7,3
2026-07-27T00:00:14.0353636-04:00,0,9.7,3
2026-07-27T00:00:14.0384067-04:00,0,9.7,3
2026-07-27T00:00:14.0414862-04:00,0,9.7,3
2026-07-27T00:00:14.0445662-04:00,0,9.7,3
2026-07-27T00:00:14.0474821-04:00,0,9.7,3
2026-07-27T00:00:14.0503872-04:00,0,9.7,3
2026-07-27T00:00:14.0532984-04:00,0,9.7,3
2026-07-27T00:00:14.0564046-04:00,0,9.7,3
2026-07-27T00:00:14.0594786-04:00,0,9.7,3
2026-07-27T00:00:14.0624309-04:00,0,9.7,3
2026-07-27T00:00:14.0654807-04:00,0,9.7,3
2026-07-27T00:00:14.0684376-04:00,0,9.7,3
2026-07-27T00:00:14.0721355-04:00,0,9.7,3
2026-07-27T00:00:14.0752804-04:00,0,9.7,3
2026-07-27T00:00:14.0783262-04:00,0,9.7,3
2026-07-27T00:00:14.0813623-04:00,0,9.7,3
2026-07-27T00:00:14.0845612-04:00,0,9.7,3
2026-07-27T00:00:14.0876967-04:00,0,9.7,3
2026-07-27T00:00:14.0906342-04:00,0,9.7,3
2026-07-27T00:00:14.0935623-04:00,0,9.7,3
2026-07-27T00:00:14.0965523-04:00,0,9.7,3
2026-07-27T00:00:14.0994934-04:00,0,9.7,3
2026-07-27T00:00:14.1024794-04:00,0,9.7,3
2026-07-27T00:00:14.1057644-04:00,0,9.7,3
2026-07-27T00:00:14.1087995-04:00,0,9.7,3
2026-07-27T00:00:14.1120739-04:00,0,9.7,3
2026-07-27T00:00:14.1151713-04:00,0,9.7,3
2026-07-27T00:00:14.1183054-04:00,0,9.7,3
2026-07-27T00:00:14.1212327-04:00,0,9.7,3
2026-07-27T00:00:14.1241176-04:00,0,9.7,3
2026-07-27T00:00:14.1269792-04:00,0,9.7,3
2026-07-27T00:00:14.1299574-04:00,0,9.7,3
2026-07-27T00:00:14.1327906-04:00,0,9.7,3
2026-07-27T00:00:14.1356714-04:00,0,9.7,3
2026-07-27T00:00:14.1393303-04:00,0,9.7,3
2026-07-27T00:00:14.1423836-04:00,0,9.7,3
2026-07-27T00:00:14.1455356-04:00,0,9.7,3
2026-07-27T00:00:14.1485198-04:00,0,9.7,3
2026-07-27T00:00:14.1514379-04:00,0,9.7,3
2026-07-27T00:00:14.1545691-04:00,0,9.7,3
2026-07-27T00:00:14.1576995-04:00,0,9.7,3
2026-07-27T00:00:14.1606523-04:00,0,9.7,3
2026-07-27T00:00:14.1635445-04:00,0,9.7,3
2026-07-27T00:00:14.1667310-04:00,0,9.7,3
2026-07-27T00:00:14.1696577-04:00,0,9.7,3
2026-07-27T00:00:14.1725684-04:00,0,9.7,3
2026-07-27T00:00:14.1755400-04:00,0,9.7,3
2026-07-27T00:00:14.1784479-04:00,0,9.7,3
2026-07-27T00:00:14.1814516-04:00,0,9.7,3
2026-07-27T00:00:14.1842479-04:00,0,9.7,3
2026-07-27T00:00:14.1870508-04:00,0,9.7,3
2026-07-27T00:00:14.1899040-04:00,0,9.7,3
2026-07-27T00:00:14.1926698-04:00,0,9.7,3
2026-07-27T00:00:14.1955275-04:00,0,9.7,3
2026-07-27T00:00:14.1982865-04:00,0,9.7,3
2026-07-27T00:00:14.2011560-04:00,0,9.7,3
2026-07-27T00:00:14.2040328-04:00,0,9.7,3
2026-07-27T00:00:14.2076201-04:00,0,9.7,3
2026-07-27T00:00:14.2105825-04:00,0,9.7,3
2026-07-27T00:00:14.2138674-04:00,0,9.7,3
2026-07-27T00:00:14.2168156-04:00,0,9.7,3
2026-07-27T00:00:14.2196799-04:00,0,9.7,3
2026-07-27T00:00:14.2226114-04:00,0,9.7,3
2026-07-27T00:00:14.2257011-04:00,0,9.7,3
2026-07-27T00:00:14.2290379-04:00,0,9.7,3
2026-07-27T00:00:14.2322083-04:00,0,9.7,3
2026-07-27T00:00:14.2357805-04:00,0,9.9,3.6
2026-07-27T00:00:14.2391065-04:00,0,9.7,3
2026-07-27T00:00:14.2422177-04:00,0,9.7,3
2026-07-27T00:00:14.2455691-04:00,0,9.7,3
2026-07-27T00:00:14.2489079-04:00,0,9.7,3
2026-07-27T00:00:14.2523437-04:00,0,9.7,3
2026-07-27T00:00:14.2556470-04:00,0,9.7,3
2026-07-27T00:00:14.2588263-04:00,0,9.7,3
2026-07-27T00:00:14.2633825-04:00,0,9.7,3
2026-07-27T00:00:14.2667566-04:00,0,9.7,3
2026-07-27T00:00:14.2699017-04:00,0,9.7,3
2026-07-27T00:00:14.2729805-04:00,0,9.7,3
2026-07-27T00:00:14.2761252-04:00,0,9.7,3
2026-07-27T00:00:14.2792533-04:00,0,9.7,3
2026-07-27T00:00:14.2829714-04:00,0,9.7,3
2026-07-27T00:00:14.2859998-04:00,0,9.7,3
2026-07-27T00:00:14.2890107-04:00,0,9.7,3
2026-07-27T00:00:14.2922947-04:00,0,9.7,3
2026-07-27T00:00:14.2955730-04:00,0,9.7,3
2026-07-27T00:00:14.2987701-04:00,0,9.7,3
2026-07-27T00:00:14.3019509-04:00,0,9.7,3
2026-07-27T00:00:14.3050458-04:00,0,9.7,3
2026-07-27T00:00:14.3080287-04:00,0,9.7,3
2026-07-27T00:00:14.3112764-04:00,0,9.7,3
2026-07-27T00:00:14.3140910-04:00,0,9.7,3
2026-07-27T00:00:14.3169709-04:00,0,9.7,3
2026-07-27T00:00:14.3197811-04:00,0,9.7,3
2026-07-27T00:00:14.3228101-04:00,0,9.7,3
2026-07-27T00:00:14.3257467-04:00,0,9.7,3
2026-07-27T00:00:14.3287316-04:00,0,9.7,3
2026-07-27T00:00:14.3315704-04:00,0,9.7,3
2026-07-27T00:00:14.3346296-04:00,0,9.7,3
2026-07-27T00:00:14.3375058-04:00,0,9.7,3
2026-07-27T00:00:14.3406427-04:00,0,9.7,3
2026-07-27T00:00:14.3435779-04:00,0,9.7,3
2026-07-27T00:00:14.3466179-04:00,0,9.7,3
2026-07-27T00:00:14.3499977-04:00,0,9.7,3
2026-07-27T00:00:14.3530525-04:00,0,9.7,3
2026-07-27T00:00:14.3563466-04:00,0,9.7,3
2026-07-27T00:00:14.3592940-04:00,0,9.7,3
2026-07-27T00:00:14.3621627-04:00,0,9.7,3
2026-07-27T00:00:14.3651059-04:00,0,9.7,3
2026-07-27T00:00:14.3681375-04:00,0,9.7,3
2026-07-27T00:00:14.3715128-04:00,0,9.7,3
2026-07-27T00:00:14.3747303-04:00,0,9.7,3
2026-07-27T00:00:14.3779868-04:00,0,9.7,3
2026-07-27T00:00:14.3809661-04:00,0,9.7,3
2026-07-27T00:00:14.3838799-04:00,0,9.7,3
2026-07-27T00:00:14.3869715-04:00,0,9.7,3
2026-07-27T00:00:14.3899120-04:00,0,9.7,3
2026-07-27T00:00:14.3928697-04:00,0,9.7,3
2026-07-27T00:00:14.3957583-04:00,0,9.7,3
2026-07-27T00:00:14.3987087-04:00,0,9.7,3
2026-07-27T00:00:14.4020277-04:00,0,9.7,3
2026-07-27T00:00:14.4054042-04:00,0,9.7,3
2026-07-27T00:00:14.4085672-04:00,0,9.7,3
2026-07-27T00:00:14.4118035-04:00,0,9.7,3
2026-07-27T00:00:14.4148434-04:00,0,9.7,3
2026-07-27T00:00:14.4178241-04:00,0,9.7,3
2026-07-27T00:00:14.4214228-04:00,0,9.7,3
2026-07-27T00:00:14.4243812-04:00,0,9.7,3
2026-07-27T00:00:14.4272797-04:00,0,9.7,3
2026-07-27T00:00:14.4301772-04:00,0,9.7,3
2026-07-27T00:00:14.4332485-04:00,0,9.7,3
2026-07-27T00:00:14.4363101-04:00,0,9.7,3
2026-07-27T00:00:14.4391162-04:00,0,9.7,3
2026-07-27T00:00:14.4419172-04:00,0,9.7,3
2026-07-27T00:00:14.4448246-04:00,0,9.7,3
2026-07-27T00:00:14.4476043-04:00,0,9.7,3
2026-07-27T00:00:14.4507577-04:00,0,9.7,3
2026-07-27T00:00:14.4536389-04:00,0,9.7,3
2026-07-27T00:00:14.4564814-04:00,0,9.7,3
2026-07-27T00:00:14.4592487-04:00,0,9.7,3
2026-07-27T00:00:14.4621239-04:00,0,9.7,3
2026-07-27T00:00:14.4651695-04:00,0,9.7,3
2026-07-27T00:00:14.4680405-04:00,0,9.7,3
2026-07-27T00:00:14.4711556-04:00,0,9.7,3
2026-07-27T00:00:14.4741008-04:00,0,9.7,3
2026-07-27T00:00:14.4771468-04:00,0,9.7,3
2026-07-27T00:00:14.4801198-04:00,0,9.7,3
2026-07-27T00:00:14.4833395-04:00,0,9.7,3
2026-07-27T00:00:14.4862281-04:00,0,9.7,3
2026-07-27T00:00:14.4897273-04:00,0,9.7,3
2026-07-27T00:00:14.4926847-04:00,0,9.7,3
2026-07-27T00:00:14.4956877-04:00,0,9.7,3
2026-07-27T00:00:14.4989306-04:00,0,9.7,3
2026-07-27T00:00:14.5019954-04:00,0,9.7,3
2026-07-27T00:00:14.5049321-04:00,0,9.7,3
2026-07-27T00:00:14.5079641-04:00,0,9.7,3
2026-07-27T00:00:14.5108878-04:00,0,9.7,3
2026-07-27T00:00:14.5137663-04:00,0,9.7,3
2026-07-27T00:00:14.5165743-04:00,0,9.7,3
2026-07-27T00:00:14.5193706-04:00,0,9.7,3
2026-07-27T00:00:14.5221817-04:00,0,9.7,3
2026-07-27T00:00:14.5252249-04:00,0,9.7,3
2026-07-27T00:00:14.5281357-04:00,0,9.7,3
2026-07-27T00:00:14.5314464-04:00,0,9.7,3
2026-07-27T00:00:14.5345208-04:00,0,9.7,3
2026-07-27T00:00:14.5375191-04:00,0,9.7,3
2026-07-27T00:00:14.5404115-04:00,0,9.7,3
2026-07-27T00:00:14.5432380-04:00,0,9.7,3
2026-07-27T00:00:14.5460620-04:00,0,9.7,3
2026-07-27T00:00:14.5488884-04:00,0,9.7,3
2026-07-27T00:00:14.5517577-04:00,0,9.7,3
2026-07-27T00:00:14.5544851-04:00,0,9.7,3
2026-07-27T00:00:14.5578883-04:00,0,9.7,3
2026-07-27T00:00:14.5608139-04:00,0,9.7,3
2026-07-27T00:00:14.5636522-04:00,0,9.7,3
2026-07-27T00:00:14.5666368-04:00,0,9.7,3
2026-07-27T00:00:14.5694708-04:00,0,9.7,3
2026-07-27T00:00:14.5723990-04:00,0,9.7,3
2026-07-27T00:00:14.5752616-04:00,0,9.7,3
2026-07-27T00:00:14.5782743-04:00,0,9.7,3
2026-07-27T00:00:14.5810709-04:00,0,9.7,3
2026-07-27T00:00:14.5842186-04:00,0,9.7,3
2026-07-27T00:00:14.5871457-04:00,0,9.7,3
2026-07-27T00:00:14.5901195-04:00,0,9.7,3
2026-07-27T00:00:14.5934840-04:00,0,9.7,3
2026-07-27T00:00:14.5968696-04:00,0,9.7,3
2026-07-27T00:00:14.5998105-04:00,0,9.7,3
2026-07-27T00:00:14.6026996-04:00,0,9.7,3
2026-07-27T00:00:14.6055124-04:00,0,9.7,3
2026-07-27T00:00:14.6086116-04:00,0,9.7,3
2026-07-27T00:00:14.6115215-04:00,0,9.7,3
2026-07-27T00:00:14.6143509-04:00,0,9.7,3
2026-07-27T00:00:14.6172058-04:00,0,9.7,3
2026-07-27T00:00:14.6200313-04:00,0,9.7,3
2026-07-27T00:00:14.6237996-04:00,0,9.7,3
2026-07-27T00:00:14.6270752-04:00,0,9.7,3
2026-07-27T00:00:14.6301938-04:00,0,9.7,3
2026-07-27T00:00:14.6332009-04:00,0,9.7,3
2026-07-27T00:00:14.6361102-04:00,0,9.7,3
2026-07-27T00:00:14.6391957-04:00,0,9.7,3
2026-07-27T00:00:14.6421827-04:00,0,9.7,3
2026-07-27T00:00:14.6451258-04:00,0,9.7,3
2026-07-27T00:00:14.6482603-04:00,0,9.7,3
2026-07-27T00:00:14.6510422-04:00,0,9.7,3
2026-07-27T00:00:14.6538710-04:00,0,9.7,3
2026-07-27T00:00:14.6568380-04:00,0,9.7,3
2026-07-27T00:00:14.6599042-04:00,0,9.7,3
2026-07-27T00:00:14.6627103-04:00,0,9.7,3
2026-07-27T00:00:14.6655503-04:00,0,9.7,3
2026-07-27T00:00:14.6686505-04:00,0,9.7,3
2026-07-27T00:00:14.6718605-04:00,0,9.7,3
2026-07-27T00:00:14.6748117-04:00,0,9.7,3
2026-07-27T00:00:14.6776642-04:00,0,9.7,3
2026-07-27T00:00:14.6807452-04:00,0,9.7,3
2026-07-27T00:00:14.6838736-04:00,0,9.7,3
2026-07-27T00:00:14.6868245-04:00,0,9.7,3
2026-07-27T00:00:14.6897191-04:00,0,9.7,3
2026-07-27T00:00:14.6934737-04:00,0,9.7,3
2026-07-27T00:00:14.6965369-04:00,0,9.7,3
2026-07-27T00:00:14.6995598-04:00,0,9.7,3
2026-07-27T00:00:14.7026752-04:00,0,9.7,3
2026-07-27T00:00:14.7061593-04:00,0,9.7,3
2026-07-27T00:00:14.7095827-04:00,0,9.7,3
2026-07-27T00:00:14.7131307-04:00,0,9.7,3
2026-07-27T00:00:14.7163084-04:00,0,9.7,3
2026-07-27T00:00:14.7195923-04:00,0,9.7,3
2026-07-27T00:00:14.7228363-04:00,0,9.7,3
2026-07-27T00:00:14.7260074-04:00,0,9.7,3
2026-07-27T00:00:14.7292438-04:00,0,9.7,3
2026-07-27T00:00:14.7328259-04:00,0,9.7,3
2026-07-27T00:00:14.7361369-04:00,0,9.7,3
2026-07-27T00:00:14.7392711-04:00,0,9.7,3
2026-07-27T00:00:14.7426502-04:00,0,9.7,3
2026-07-27T00:00:14.7461505-04:00,0,9.7,3
2026-07-27T00:00:14.7494721-04:00,0,9.7,3
2026-07-27T00:00:14.7529171-04:00,0,9.7,3
2026-07-27T00:00:14.7564113-04:00,0,9.7,3
2026-07-27T00:00:14.7598717-04:00,0,9.7,3
2026-07-27T00:00:14.7632452-04:00,0,9.7,3
2026-07-27T00:00:14.7665122-04:00,0,9.7,3
2026-07-27T00:00:14.7703419-04:00,0,9.7,3
2026-07-27T00:00:14.7736258-04:00,0,9.7,3
2026-07-27T00:00:14.7768490-04:00,0,9.7,3
2026-07-27T00:00:14.7801873-04:00,0,9.7,3
2026-07-27T00:00:14.7833947-04:00,0,9.7,3
2026-07-27T00:00:14.7865839-04:00,0,9.7,3
2026-07-27T00:00:14.7900616-04:00,0,9.7,3
2026-07-27T00:00:14.7942384-04:00,0,9.7,3
2026-07-27T00:00:14.7980081-04:00,0,9.7,3
2026-07-27T00:00:14.8024636-04:00,0,9.7,3
2026-07-27T00:00:14.8063905-04:00,0,9.7,3
2026-07-27T00:00:14.8097808-04:00,0,9.7,3
2026-07-27T00:00:14.8128433-04:00,0,9.7,3
2026-07-27T00:00:14.8158295-04:00,0,9.7,3
2026-07-27T00:00:14.8187392-04:00,0,9.7,3
2026-07-27T00:00:14.8216407-04:00,0,9.7,3
2026-07-27T00:00:14.8245237-04:00,0,9.7,3
2026-07-27T00:00:14.8275749-04:00,0,9.7,3
2026-07-27T00:00:14.8310725-04:00,0,9.7,3
2026-07-27T00:00:14.8346619-04:00,0,9.7,3
2026-07-27T00:00:14.8377540-04:00,0,9.7,3
2026-07-27T00:00:14.8408000-04:00,0,9.7,3
2026-07-27T00:00:14.8445558-04:00,0,9.7,3
2026-07-27T00:00:14.8475485-04:00,0,9.7,3
2026-07-27T00:00:14.8505351-04:00,0,9.7,3
2026-07-27T00:00:14.8535395-04:00,0,9.7,3
2026-07-27T00:00:14.8565786-04:00,0,9.7,3
2026-07-27T00:00:14.8597072-04:00,0,9.7,3
2026-07-27T00:00:14.8627606-04:00,0,9.7,3
2026-07-27T00:00:14.8658266-04:00,0,9.7,3
2026-07-27T00:00:14.8688403-04:00,0,9.7,3
2026-07-27T00:00:14.8719040-04:00,0,9.7,3
2026-07-27T00:00:14.8751012-04:00,0,9.7,3
2026-07-27T00:00:14.8787790-04:00,0,9.7,3
2026-07-27T00:00:14.8820637-04:00,0,9.7,3
2026-07-27T00:00:14.8853624-04:00,0,9.7,3
2026-07-27T00:00:14.8886895-04:00,0,9.7,3
2026-07-27T00:00:14.8920641-04:00,0,9.7,3
2026-07-27T00:00:14.8953431-04:00,0,9.7,3
2026-07-27T00:00:14.8985357-04:00,0,9.7,3
2026-07-27T00:00:14.9016142-04:00,0,9.7,3
2026-07-27T00:00:14.9045908-04:00,0,9.7,3
2026-07-27T00:00:14.9076147-04:00,0,9.7,3
2026-07-27T00:00:14.9112603-04:00,0,9.7,3
2026-07-27T00:00:14.9145577-04:00,0,9.7,3
2026-07-27T00:00:14.9183279-04:00,0,9.7,3
2026-07-27T00:00:14.9216499-04:00,0,9.7,3
2026-07-27T00:00:14.9249654-04:00,0,9.7,3
2026-07-27T00:00:14.9283040-04:00,0,9.7,3
2026-07-27T00:00:14.9316741-04:00,0,9.7,3
2026-07-27T00:00:14.9349904-04:00,0,9.7,3
2026-07-27T00:00:14.9381860-04:00,0,9.7,3
2026-07-27T00:00:14.9414627-04:00,0,9.7,3
2026-07-27T00:00:14.9445633-04:00,0,9.7,3
2026-07-27T00:00:14.9475068-04:00,0,9.7,3
2026-07-27T00:00:14.9504246-04:00,0,9.7,3
2026-07-27T00:00:14.9532643-04:00,0,9.7,3
2026-07-27T00:00:14.9565439-04:00,0,9.7,3
2026-07-27T00:00:14.9600121-04:00,0,9.7,3
2026-07-27T00:00:14.9632366-04:00,0,9.7,3
2026-07-27T00:00:14.9662756-04:00,0,9.7,3
2026-07-27T00:00:14.9692423-04:00,0,9.7,3
2026-07-27T00:00:14.9722572-04:00,0,9.7,3
2026-07-27T00:00:14.9752671-04:00,0,9.7,3
2026-07-27T00:00:14.9781433-04:00,0,9.7,3
2026-07-27T00:00:14.9809437-04:00,0,9.7,3
2026-07-27T00:00:14.9838248-04:00,0,9.7,3
2026-07-27T00:00:14.9868248-04:00,0,9.7,3
2026-07-27T00:00:14.9905021-04:00,0,9.7,3
2026-07-27T00:00:14.9937887-04:00,0,9.7,3
2026-07-27T00:00:14.9968131-04:00,0,9.7,3
2026-07-27T00:00:14.9998216-04:00,0,9.7,3
2026-07-27T00:00:15.0029676-04:00,0,9.7,3
2026-07-27T00:00:15.0059820-04:00,0,9.7,3
2026-07-27T00:00:15.0088919-04:00,0,9.7,3
2026-07-27T00:00:15.0118581-04:00,0,9.7,3
2026-07-27T00:00:15.0147917-04:00,0,9.7,3
2026-07-27T00:00:15.0176636-04:00,0,9.7,3
2026-07-27T00:00:15.0205423-04:00,0,9.7,3
2026-07-27T00:00:15.0235157-04:00,0,9.7,3
2026-07-27T00:00:15.0264233-04:00,0,9.7,3
2026-07-27T00:00:15.0295385-04:00,0,9.7,3
2026-07-27T00:00:15.0324362-04:00,0,9.7,3
2026-07-27T00:00:15.0356960-04:00,0,9.7,3
2026-07-27T00:00:15.0385217-04:00,0,9.7,3
2026-07-27T00:00:15.0412887-04:00,0,9.7,3
2026-07-27T00:00:15.0443808-04:00,0,9.7,3
2026-07-27T00:00:15.0471580-04:00,0,9.7,3
2026-07-27T00:00:15.0501485-04:00,0,9.7,3
2026-07-27T00:00:15.0534844-04:00,0,9.7,3
2026-07-27T00:00:15.0568901-04:00,0,9.7,3
2026-07-27T00:00:15.0599413-04:00,0,9.7,3
2026-07-27T00:00:15.0630410-04:00,0,9.7,3
2026-07-27T00:00:15.0659142-04:00,0,9.7,3
2026-07-27T00:00:15.0688642-04:00,0,9.7,3
2026-07-27T00:00:15.0717697-04:00,0,9.7,3
2026-07-27T00:00:15.0746206-04:00,0,9.7,3
2026-07-27T00:00:15.0774388-04:00,0,9.7,3
2026-07-27T00:00:15.0801851-04:00,0,9.7,3
2026-07-27T00:00:15.0832237-04:00,0,9.7,3
2026-07-27T00:00:15.0863029-04:00,0,9.7,3
2026-07-27T00:00:15.0893788-04:00,0,9.7,3
2026-07-27T00:00:15.0923122-04:00,0,9.7,3
2026-07-27T00:00:15.0951245-04:00,0,9.7,3
2026-07-27T00:00:15.0980020-04:00,0,9.7,3
2026-07-27T00:00:15.1008265-04:00,0,9.7,3
2026-07-27T00:00:15.1036743-04:00,0,9.7,3
2026-07-27T00:00:15.1064939-04:00,0,9.7,3
2026-07-27T00:00:15.1092790-04:00,0,9.7,3
2026-07-27T00:00:15.1121239-04:00,0,9.7,3
2026-07-27T00:00:15.1151327-04:00,0,9.7,3
2026-07-27T00:00:15.1179527-04:00,0,9.7,3
2026-07-27T00:00:15.1209594-04:00,0,9.7,3
2026-07-27T00:00:15.1247257-04:00,0,9.7,3
2026-07-27T00:00:15.1277558-04:00,0,9.7,3
2026-07-27T00:00:15.1306583-04:00,0,9.7,3
2026-07-27T00:00:15.1336271-04:00,0,9.7,3
2026-07-27T00:00:15.1365728-04:00,0,9.7,3
2026-07-27T00:00:15.1395984-04:00,0,9.7,3
2026-07-27T00:00:15.1425037-04:00,0,9.7,3
2026-07-27T00:00:15.1455614-04:00,0,9.7,3
2026-07-27T00:00:15.1486660-04:00,0,9.7,3
2026-07-27T00:00:15.1515447-04:00,0,9.7,3
2026-07-27T00:00:15.1546155-04:00,0,9.7,3
2026-07-27T00:00:15.1576909-04:00,0,9.7,3
2026-07-27T00:00:15.1605141-04:00,0,9.7,3
2026-07-27T00:00:15.1635908-04:00,0,9.7,3
2026-07-27T00:00:15.1667075-04:00,0,9.7,3
2026-07-27T00:00:15.1697729-04:00,0,9.7,3
2026-07-27T00:00:15.1725681-04:00,0,9.7,3
2026-07-27T00:00:15.1755002-04:00,0,9.7,3
2026-07-27T00:00:15.1784700-04:00,0,9.7,3
2026-07-27T00:00:15.1814032-04:00,0,9.7,3
2026-07-27T00:00:15.1842370-04:00,0,9.7,3
2026-07-27T00:00:15.1870436-04:00,0,9.7,3
2026-07-27T00:00:15.1901725-04:00,0,9.7,3
2026-07-27T00:00:15.1938248-04:00,0,9.7,3
2026-07-27T00:00:15.1971018-04:00,0,9.7,3
2026-07-27T00:00:15.2000422-04:00,0,9.7,3
2026-07-27T00:00:15.2028648-04:00,0,9.7,3
2026-07-27T00:00:15.2060414-04:00,0,9.7,3
2026-07-27T00:00:15.2092884-04:00,0,9.7,3
2026-07-27T00:00:15.2123154-04:00,0,9.7,3
2026-07-27T00:00:15.2154610-04:00,0,9.7,3
2026-07-27T00:00:15.2185699-04:00,0,9.7,3
2026-07-27T00:00:15.2214060-04:00,0,9.7,3
2026-07-27T00:00:15.2246275-04:00,0,9.7,3
2026-07-27T00:00:15.2277073-04:00,0,9.7,3
2026-07-27T00:00:15.2307267-04:00,0,9.7,3
2026-07-27T00:00:15.2335682-04:00,0,9.7,3
2026-07-27T00:00:15.2365966-04:00,0,9.7,3
2026-07-27T00:00:15.2395510-04:00,0,9.7,3
2026-07-27T00:00:15.2425803-04:00,0,9.7,3
2026-07-27T00:00:15.2456104-04:00,0,9.7,3
2026-07-27T00:00:15.2484848-04:00,0,9.7,3
2026-07-27T00:00:15.2514471-04:00,0,9.7,3
2026-07-27T00:00:15.2543214-04:00,0,9.7,3
2026-07-27T00:00:15.2572143-04:00,0,9.7,3
2026-07-27T00:00:15.2603145-04:00,0,9.7,3
2026-07-27T00:00:15.2637703-04:00,0,9.7,3
2026-07-27T00:00:15.2668754-04:00,0,9.7,3
2026-07-27T00:00:15.2699242-04:00,0,9.7,3
2026-07-27T00:00:15.2731698-04:00,0,9.7,3
2026-07-27T00:00:15.2761692-04:00,0,9.7,3
2026-07-27T00:00:15.2790684-04:00,0,9.7,3
2026-07-27T00:00:15.2821453-04:00,0,9.7,3
2026-07-27T00:00:15.2850959-04:00,0,9.7,3
2026-07-27T00:00:15.2880576-04:00,0,9.7,3
2026-07-27T00:00:15.2910724-04:00,0,9.7,3
2026-07-27T00:00:15.2940503-04:00,0,9.7,3
2026-07-27T00:00:15.2969566-04:00,0,9.7,3
2026-07-27T00:00:15.2998671-04:00,0,9.7,3
2026-07-27T00:00:15.3029135-04:00,0,9.7,3
2026-07-27T00:00:15.3059379-04:00,0,9.7,3
2026-07-27T00:00:15.3088702-04:00,0,9.7,3
2026-07-27T00:00:15.3117116-04:00,0,9.7,3
2026-07-27T00:00:15.3146202-04:00,0,9.7,3
2026-07-27T00:00:15.3174339-04:00,0,9.7,3
2026-07-27T00:00:15.3202401-04:00,0,9.7,3
2026-07-27T00:00:15.3230052-04:00,0,9.7,3
2026-07-27T00:00:15.3258400-04:00,0,9.7,3
2026-07-27T00:00:15.3295545-04:00,0,9.7,3
2026-07-27T00:00:15.3328443-04:00,0,9.7,3
2026-07-27T00:00:15.3360020-04:00,0,9.7,3
2026-07-27T00:00:15.3390615-04:00,0,9.7,3
2026-07-27T00:00:15.3423405-04:00,0,9.7,3
2026-07-27T00:00:15.3456229-04:00,0,9.7,3
2026-07-27T00:00:15.3487388-04:00,0,9.7,3
2026-07-27T00:00:15.3518803-04:00,0,9.7,3
2026-07-27T00:00:15.3552898-04:00,0,9.7,3
2026-07-27T00:00:15.3585540-04:00,0,9.7,3
2026-07-27T00:00:15.3620846-04:00,0,9.7,3
2026-07-27T00:00:15.3653265-04:00,0,9.7,3
2026-07-27T00:00:15.3686005-04:00,0,9.7,3
2026-07-27T00:00:15.3719178-04:00,0,9.7,3
2026-07-27T00:00:15.3749193-04:00,0,9.7,3
2026-07-27T00:00:15.3781846-04:00,0,9.7,3
2026-07-27T00:00:15.3811964-04:00,0,9.7,3
2026-07-27T00:00:15.3845416-04:00,0,9.7,3
2026-07-27T00:00:15.3876415-04:00,0,9.7,3
2026-07-27T00:00:15.3907138-04:00,0,9.7,3
2026-07-27T00:00:15.3938459-04:00,0,9.7,3
2026-07-27T00:00:15.3970243-04:00,0,9.7,3
2026-07-27T00:00:15.4000300-04:00,0,9.7,3
2026-07-27T00:00:15.4036493-04:00,0,9.7,3
2026-07-27T00:00:15.4067518-04:00,0,9.7,3
2026-07-27T00:00:15.4098662-04:00,0,9.7,3
2026-07-27T00:00:15.4131147-04:00,0,9.7,3
2026-07-27T00:00:15.4163272-04:00,0,9.7,3
2026-07-27T00:00:15.4194899-04:00,0,9.7,3
2026-07-27T00:00:15.4226500-04:00,0,9.7,3
2026-07-27T00:00:15.4256995-04:00,0,9.7,3
2026-07-27T00:00:15.4286427-04:00,0,9.7,3
2026-07-27T00:00:15.4315228-04:00,0,9.7,3
2026-07-27T00:00:15.4345893-04:00,0,9.7,3
2026-07-27T00:00:15.4377393-04:00,0,9.7,3
2026-07-27T00:00:15.4406412-04:00,0,9.7,3
2026-07-27T00:00:15.4439027-04:00,0,9.7,3
2026-07-27T00:00:15.4469637-04:00,0,9.7,3
2026-07-27T00:00:15.4499610-04:00,0,9.7,3
2026-07-27T00:00:15.4528804-04:00,0,9.7,3
2026-07-27T00:00:15.4558160-04:00,0,9.7,3
2026-07-27T00:00:15.4587431-04:00,0,9.7,3
2026-07-27T00:00:15.4619232-04:00,0,9.7,3
2026-07-27T00:00:15.4651295-04:00,0,9.7,3
2026-07-27T00:00:15.4684340-04:00,0,9.7,3
2026-07-27T00:00:15.4717768-04:00,0,9.7,3
2026-07-27T00:00:15.4755718-04:00,0,9.7,3
2026-07-27T00:00:15.4788240-04:00,0,9.7,3
2026-07-27T00:00:15.4818199-04:00,0,9.7,3
2026-07-27T00:00:15.4851044-04:00,0,9.7,3
2026-07-27T00:00:15.4882198-04:00,0,9.7,3
2026-07-27T00:00:15.4914521-04:00,0,9.7,3
2026-07-27T00:00:15.4945129-04:00,0,9.7,3
2026-07-27T00:00:15.4974540-04:00,0,9.7,3
2026-07-27T00:00:15.5003556-04:00,0,9.7,3
2026-07-27T00:00:15.5032128-04:00,0,9.7,3
2026-07-27T00:00:15.5061308-04:00,0,9.7,3
2026-07-27T00:00:15.5090731-04:00,0,9.7,3
2026-07-27T00:00:15.5122991-04:00,0,9.7,3
2026-07-27T00:00:15.5154071-04:00,0,9.7,3
2026-07-27T00:00:15.5184452-04:00,0,9.7,3
2026-07-27T00:00:15.5215170-04:00,0,9.7,3
2026-07-27T00:00:15.5248917-04:00,0,9.7,3
2026-07-27T00:00:15.5280095-04:00,0,9.7,3
2026-07-27T00:00:15.5312342-04:00,0,9.7,3
2026-07-27T00:00:15.5343112-04:00,0,9.7,3
2026-07-27T00:00:15.5373976-04:00,0,9.7,3
2026-07-27T00:00:15.5406558-04:00,0,9.7,3
2026-07-27T00:00:15.5442100-04:00,0,9.7,3
2026-07-27T00:00:15.5472429-04:00,0,9.7,3
2026-07-27T00:00:15.5501364-04:00,0,9.7,3
2026-07-27T00:00:15.5534410-04:00,0,9.7,3
2026-07-27T00:00:15.5568401-04:00,0,9.7,3
2026-07-27T00:00:15.5602579-04:00,0,9.7,3
2026-07-27T00:00:15.5634783-04:00,0,9.7,3
2026-07-27T00:00:15.5664091-04:00,0,9.7,3
2026-07-27T00:00:15.5694645-04:00,0,9.7,3
2026-07-27T00:00:15.5723987-04:00,0,9.7,3
2026-07-27T00:00:15.5753029-04:00,0,9.7,3
2026-07-27T00:00:15.5781885-04:00,0,9.7,3
2026-07-27T00:00:15.5810982-04:00,0,9.7,3
2026-07-27T00:00:15.5839671-04:00,0,9.7,3
2026-07-27T00:00:15.5870466-04:00,0,9.7,3
2026-07-27T00:00:15.5898769-04:00,0,9.7,3
2026-07-27T00:00:15.5927547-04:00,0,9.7,3
2026-07-27T00:00:15.5955787-04:00,0,9.7,3
2026-07-27T00:00:15.5984231-04:00,0,9.7,3
2026-07-27T00:00:15.6015807-04:00,0,9.7,3
2026-07-27T00:00:15.6047796-04:00,0,9.7,3
2026-07-27T00:00:15.6076546-04:00,0,9.7,3
2026-07-27T00:00:15.6106141-04:00,0,9.7,3
2026-07-27T00:00:15.6140714-04:00,0,9.7,3
2026-07-27T00:00:15.6172428-04:00,0,9.7,3
2026-07-27T00:00:15.6202394-04:00,0,9.7,3
2026-07-27T00:00:15.6233580-04:00,0,9.7,3
2026-07-27T00:00:15.6262740-04:00,0,9.7,3
2026-07-27T00:00:15.6292868-04:00,0,9.7,3
2026-07-27T00:00:15.6322566-04:00,0,9.7,3
2026-07-27T00:00:15.6370324-04:00,0,9.7,3
2026-07-27T00:00:15.6403560-04:00,0,9.7,3
2026-07-27T00:00:15.6433553-04:00,0,9.7,3
2026-07-27T00:00:15.6464003-04:00,0,9.7,3
2026-07-27T00:00:15.6493321-04:00,0,9.7,3
2026-07-27T00:00:15.6524274-04:00,0,9.7,3
2026-07-27T00:00:15.6555475-04:00,0,9.7,3
2026-07-27T00:00:15.6585626-04:00,0,9.7,3
2026-07-27T00:00:15.6616404-04:00,0,9.7,3
2026-07-27T00:00:15.6646247-04:00,0,9.7,3
2026-07-27T00:00:15.6678167-04:00,0,9.7,3
2026-07-27T00:00:15.6711568-04:00,0,9.7,3
2026-07-27T00:00:15.6743150-04:00,0,9.7,3
2026-07-27T00:00:15.6772023-04:00,0,9.7,3
2026-07-27T00:00:15.6800218-04:00,0,9.7,3
2026-07-27T00:00:15.6828574-04:00,0,9.7,3
2026-07-27T00:00:15.6863312-04:00,0,9.7,3
2026-07-27T00:00:15.6894465-04:00,0,9.7,3
2026-07-27T00:00:15.6923690-04:00,0,9.7,3
2026-07-27T00:00:15.6952175-04:00,0,9.7,3
2026-07-27T00:00:15.6982088-04:00,0,9.7,3
2026-07-27T00:00:15.7011672-04:00,0,9.7,3
2026-07-27T00:00:15.7040940-04:00,0,9.7,3
2026-07-27T00:00:15.7068838-04:00,0,9.7,3
2026-07-27T00:00:15.7097435-04:00,0,9.7,3
2026-07-27T00:00:15.7128724-04:00,0,9.7,3
2026-07-27T00:00:15.7159592-04:00,0,9.7,3
2026-07-27T00:00:15.7190306-04:00,0,9.7,3
2026-07-27T00:00:15.7219579-04:00,0,9.7,3
2026-07-27T00:00:15.7249608-04:00,0,9.7,3
2026-07-27T00:00:15.7279533-04:00,0,9.7,3
2026-07-27T00:00:15.7309743-04:00,0,9.7,3
2026-07-27T00:00:15.7338503-04:00,0,9.7,3
2026-07-27T00:00:15.7368999-04:00,0,9.7,3
2026-07-27T00:00:15.7397816-04:00,0,9.7,3
2026-07-27T00:00:15.7428424-04:00,0,9.7,3
2026-07-27T00:00:15.7459284-04:00,0,9.7,3
2026-07-27T00:00:15.7490464-04:00,0,9.7,3
2026-07-27T00:00:15.7522180-04:00,0,9.7,3
2026-07-27T00:00:15.7557030-04:00,0,9.7,3
2026-07-27T00:00:15.7586593-04:00,0,9.7,3
2026-07-27T00:00:15.7615296-04:00,0,9.7,3
2026-07-27T00:00:15.7644304-04:00,0,9.7,3
2026-07-27T00:00:15.7672409-04:00,0,9.7,3
2026-07-27T00:00:15.7700538-04:00,0,9.7,3
2026-07-27T00:00:15.7728160-04:00,0,9.7,3
2026-07-27T00:00:15.7756322-04:00,0,9.7,3
2026-07-27T00:00:15.7788487-04:00,0,9.7,3
2026-07-27T00:00:15.7817280-04:00,0,9.7,3
2026-07-27T00:00:15.7845318-04:00,0,9.7,3
2026-07-27T00:00:15.7873184-04:00,0,9.7,3
2026-07-27T00:00:15.7901489-04:00,0,9.7,3
2026-07-27T00:00:15.7931477-04:00,0,9.7,3
2026-07-27T00:00:15.7960629-04:00,0,9.7,3
2026-07-27T00:00:15.7988803-04:00,0,9.7,3
2026-07-27T00:00:15.8017193-04:00,0,9.7,3
2026-07-27T00:00:15.8045145-04:00,0,9.7,3
2026-07-27T00:00:15.8073935-04:00,0,9.7,3
2026-07-27T00:00:15.8103100-04:00,0,9.7,3
2026-07-27T00:00:15.8134187-04:00,0,9.7,3
2026-07-27T00:00:15.8163518-04:00,0,9.7,3
2026-07-27T00:00:15.8199321-04:00,0,9.7,3
2026-07-27T00:00:15.8231803-04:00,0,9.7,3
2026-07-27T00:00:15.8261905-04:00,0,9.7,3
2026-07-27T00:00:15.8291915-04:00,0,9.7,3
2026-07-27T00:00:15.8320314-04:00,0,9.7,3
2026-07-27T00:00:15.8348834-04:00,0,9.7,3
2026-07-27T00:00:15.8376771-04:00,0,9.7,3
2026-07-27T00:00:15.8405657-04:00,0,9.7,3
2026-07-27T00:00:15.8437059-04:00,0,9.7,3
2026-07-27T00:00:15.8466424-04:00,0,9.7,3
2026-07-27T00:00:15.8495228-04:00,0,9.7,3
2026-07-27T00:00:15.8523067-04:00,0,9.7,3
2026-07-27T00:00:15.8551812-04:00,0,9.7,3
2026-07-27T00:00:15.8580939-04:00,0,9.7,3
2026-07-27T00:00:15.8609591-04:00,0,9.7,3
2026-07-27T00:00:15.8637849-04:00,0,9.7,3
2026-07-27T00:00:15.8666223-04:00,0,9.7,3
2026-07-27T00:00:15.8695143-04:00,0,9.7,3
2026-07-27T00:00:15.8725581-04:00,0,9.7,3
2026-07-27T00:00:15.8758461-04:00,0,9.7,3
2026-07-27T00:00:15.8787469-04:00,0,9.7,3
2026-07-27T00:00:15.8818964-04:00,0,9.7,3
2026-07-27T00:00:15.8850294-04:00,0,9.7,3
2026-07-27T00:00:15.8888938-04:00,0,9.7,3
2026-07-27T00:00:15.8922475-04:00,0,9.7,3
2026-07-27T00:00:15.8951700-04:00,0,9.7,3
2026-07-27T00:00:15.8983022-04:00,0,9.7,3
2026-07-27T00:00:15.9014078-04:00,0,9.7,3
2026-07-27T00:00:15.9045046-04:00,0,9.7,3
2026-07-27T00:00:15.9074905-04:00,0,9.7,3
2026-07-27T00:00:15.9103602-04:00,0,9.7,3
2026-07-27T00:00:15.9131194-04:00,0,9.7,3
2026-07-27T00:00:15.9159153-04:00,0,9.7,3
2026-07-27T00:00:15.9187384-04:00,0,9.7,3
2026-07-27T00:00:15.9218325-04:00,0,9.7,3
2026-07-27T00:00:15.9250519-04:00,0,9.7,3
2026-07-27T00:00:15.9280408-04:00,0,9.7,3
2026-07-27T00:00:15.9310676-04:00,0,9.7,3
2026-07-27T00:00:15.9339593-04:00,0,9.7,3
2026-07-27T00:00:15.9370701-04:00,0,9.7,3
2026-07-27T00:00:15.9401374-04:00,0,9.7,3
2026-07-27T00:00:15.9430137-04:00,0,9.7,3
2026-07-27T00:00:15.9459724-04:00,0,9.7,3
2026-07-27T00:00:15.9488257-04:00,0,9.7,3
2026-07-27T00:00:15.9524192-04:00,0,9.7,3
2026-07-27T00:00:15.9558192-04:00,0,9.7,3
2026-07-27T00:00:15.9597739-04:00,0,9.7,3
2026-07-27T00:00:15.9629710-04:00,0,9.7,3
2026-07-27T00:00:15.9660370-04:00,0,9.7,3
2026-07-27T00:00:15.9692586-04:00,0,9.7,3
2026-07-27T00:00:15.9723474-04:00,0,9.7,3
2026-07-27T00:00:15.9754493-04:00,0,9.7,3
2026-07-27T00:00:15.9786295-04:00,0,9.7,3
2026-07-27T00:00:15.9816671-04:00,0,9.7,3
2026-07-27T00:00:15.9846556-04:00,0,9.7,3
2026-07-27T00:00:15.9876190-04:00,0,9.7,3
2026-07-27T00:00:15.9908139-04:00,0,9.7,3
2026-07-27T00:00:15.9941582-04:00,0,9.7,3
2026-07-27T00:00:15.9974563-04:00,0,9.7,3
2026-07-27T00:00:16.0009442-04:00,0,9.7,3
2026-07-27T00:00:16.0043698-04:00,0,9.7,3
2026-07-27T00:00:16.0075404-04:00,0,9.7,3
2026-07-27T00:00:16.0106509-04:00,0,9.7,3
2026-07-27T00:00:16.0138857-04:00,0,9.7,3
2026-07-27T00:00:16.0169476-04:00,0,9.7,3
2026-07-27T00:00:16.0201286-04:00,0,9.7,3
2026-07-27T00:00:16.0230638-04:00,0,9.7,3
2026-07-27T00:00:16.0260689-04:00,0,9.7,3
2026-07-27T00:00:16.0289071-04:00,0,9.7,3
2026-07-27T00:00:16.0324997-04:00,0,9.7,3
2026-07-27T00:00:16.0356059-04:00,0,9.7,3
2026-07-27T00:00:16.0387248-04:00,0,9.7,3
2026-07-27T00:00:16.0420438-04:00,0,9.7,3
2026-07-27T00:00:16.0453232-04:00,0,9.7,3
2026-07-27T00:00:16.0488469-04:00,0,9.7,3
2026-07-27T00:00:16.0519198-04:00,0,9.7,3
2026-07-27T00:00:16.0547943-04:00,0,9.7,3
2026-07-27T00:00:16.0576912-04:00,0,9.7,3
2026-07-27T00:00:16.0605263-04:00,0,9.7,3
2026-07-27T00:00:16.0635330-04:00,0,9.7,3
2026-07-27T00:00:16.0664203-04:00,0,9.7,3
2026-07-27T00:00:16.0692735-04:00,0,9.7,3
2026-07-27T00:00:16.0721038-04:00,0,9.7,3
2026-07-27T00:00:16.0750232-04:00,0,9.7,3
2026-07-27T00:00:16.0779680-04:00,0,9.7,3
2026-07-27T00:00:16.0810128-04:00,0,9.7,3
2026-07-27T00:00:16.0840653-04:00,0,9.7,3
2026-07-27T00:00:16.0869962-04:00,0,9.7,3
2026-07-27T00:00:16.0899037-04:00,0,9.7,3
2026-07-27T00:00:16.0927371-04:00,0,9.7,3
2026-07-27T00:00:16.0955659-04:00,0,9.7,3
2026-07-27T00:00:16.0993963-04:00,0,9.7,3
2026-07-27T00:00:16.1026747-04:00,0,9.7,3
2026-07-27T00:00:16.1055047-04:00,0,9.7,3
2026-07-27T00:00:16.1086023-04:00,0,9.7,3
2026-07-27T00:00:16.1118053-04:00,0,9.7,3
2026-07-27T00:00:16.1148796-04:00,0,9.7,3
2026-07-27T00:00:16.1179433-04:00,0,9.7,3
2026-07-27T00:00:16.1207952-04:00,0,9.7,3
2026-07-27T00:00:16.1236044-04:00,0,9.7,3
2026-07-27T00:00:16.1264027-04:00,0,9.7,3
2026-07-27T00:00:16.1292357-04:00,0,9.7,3
2026-07-27T00:00:16.1322415-04:00,0,9.7,3
2026-07-27T00:00:16.1350695-04:00,0,9.7,3
2026-07-27T00:00:16.1381805-04:00,0,9.7,3
2026-07-27T00:00:16.1412100-04:00,0,9.7,3
2026-07-27T00:00:16.1443193-04:00,0,9.7,3
2026-07-27T00:00:16.1471480-04:00,0,9.7,3
2026-07-27T00:00:16.1503221-04:00,0,9.7,3
2026-07-27T00:00:16.1532739-04:00,0,9.7,3
2026-07-27T00:00:16.1564939-04:00,0,9.7,3
2026-07-27T00:00:16.1595014-04:00,0,9.7,3
2026-07-27T00:00:16.1626181-04:00,0,9.7,3
2026-07-27T00:00:16.1654917-04:00,0,9.7,3
2026-07-27T00:00:16.1692071-04:00,0,9.7,3
2026-07-27T00:00:16.1723835-04:00,0,9.7,3
2026-07-27T00:00:16.1753946-04:00,0,9.7,3
2026-07-27T00:00:16.1782922-04:00,0,9.7,3
2026-07-27T00:00:16.1814646-04:00,0,9.7,3
2026-07-27T00:00:16.1845387-04:00,0,9.7,3
2026-07-27T00:00:16.1873782-04:00,0,9.7,3
2026-07-27T00:00:16.1904576-04:00,0,9.7,3
2026-07-27T00:00:16.1933823-04:00,0,9.7,3
2026-07-27T00:00:16.1962407-04:00,0,9.7,3
2026-07-27T00:00:16.1992908-04:00,0,9.7,3
2026-07-27T00:00:16.2021632-04:00,0,9.7,3
2026-07-27T00:00:16.2051606-04:00,0,9.7,3
2026-07-27T00:00:16.2083203-04:00,0,9.7,3
2026-07-27T00:00:16.2113733-04:00,0,9.7,3
2026-07-27T00:00:16.2145827-04:00,0,9.7,3
2026-07-27T00:00:16.2176188-04:00,0,9.7,3
2026-07-27T00:00:16.2207373-04:00,0,9.7,3
2026-07-27T00:00:16.2235946-04:00,0,9.7,3
2026-07-27T00:00:16.2264255-04:00,0,9.7,3
2026-07-27T00:00:16.2292533-04:00,0,9.7,3
2026-07-27T00:00:16.2323624-04:00,0,9.7,3
2026-07-27T00:00:16.2353722-04:00,0,9.7,3
2026-07-27T00:00:16.2390023-04:00,0,9.7,3
2026-07-27T00:00:16.2422983-04:00,0,9.7,3
2026-07-27T00:00:16.2454045-04:00,0,9.7,3
2026-07-27T00:00:16.2482769-04:00,0,9.7,3
2026-07-27T00:00:16.2511817-04:00,0,9.7,3
2026-07-27T00:00:16.2541038-04:00,0,9.7,3
2026-07-27T00:00:16.2570189-04:00,0,9.7,3
2026-07-27T00:00:16.2599483-04:00,0,9.7,3
2026-07-27T00:00:16.2630192-04:00,0,9.7,3
2026-07-27T00:00:16.2658957-04:00,0,9.7,3
2026-07-27T00:00:16.2689723-04:00,0,9.7,3
2026-07-27T00:00:16.2718781-04:00,0,9.7,3
2026-07-27T00:00:16.2747801-04:00,0,9.7,3
2026-07-27T00:00:16.2775703-04:00,0,9.7,3
2026-07-27T00:00:16.2803768-04:00,0,9.7,3
2026-07-27T00:00:16.2832453-04:00,0,9.7,3
2026-07-27T00:00:16.2861347-04:00,0,9.7,3
2026-07-27T00:00:16.2889258-04:00,0,9.7,3
2026-07-27T00:00:16.2920096-04:00,0,9.7,3
2026-07-27T00:00:16.2948486-04:00,0,9.7,3
2026-07-27T00:00:16.2978867-04:00,0,9.7,3
2026-07-27T00:00:16.3011422-04:00,0,9.7,3
2026-07-27T00:00:16.3047568-04:00,0,9.7,3
2026-07-27T00:00:16.3077030-04:00,0,9.7,3
2026-07-27T00:00:16.3105673-04:00,0,9.7,3
2026-07-27T00:00:16.3134419-04:00,0,9.7,3
2026-07-27T00:00:16.3161927-04:00,0,9.7,3
2026-07-27T00:00:16.3189971-04:00,0,9.7,3
2026-07-27T00:00:16.3219827-04:00,0,9.7,3
2026-07-27T00:00:16.3249326-04:00,0,9.7,3
2026-07-27T00:00:16.3278323-04:00,0,9.7,3
2026-07-27T00:00:16.3308083-04:00,0,9.7,3
2026-07-27T00:00:16.3337187-04:00,0,9.7,3
2026-07-27T00:00:16.3365989-04:00,0,9.7,3
2026-07-27T00:00:16.3394303-04:00,0,9.7,3
2026-07-27T00:00:16.3422168-04:00,0,9.7,3
2026-07-27T00:00:16.3453121-04:00,0,9.7,3
2026-07-27T00:00:16.3481914-04:00,0,9.7,3
2026-07-27T00:00:16.3510741-04:00,0,9.7,3
2026-07-27T00:00:16.3539046-04:00,0,9.7,3
2026-07-27T00:00:16.3567377-04:00,0,9.7,3
2026-07-27T00:00:16.3597865-04:00,0,9.7,3
2026-07-27T00:00:16.3628301-04:00,0,9.7,3
2026-07-27T00:00:16.3657223-04:00,0,9.7,3
2026-07-27T00:00:16.3685318-04:00,0,9.7,3
2026-07-27T00:00:16.3720044-04:00,0,9.7,3
2026-07-27T00:00:16.3753765-04:00,0,9.7,3
2026-07-27T00:00:16.3783134-04:00,0,9.7,3
2026-07-27T00:00:16.3812631-04:00,0,9.7,3
2026-07-27T00:00:16.3840749-04:00,0,9.7,3
2026-07-27T00:00:16.3869506-04:00,0,9.7,3
2026-07-27T00:00:16.3897552-04:00,0,9.7,3
2026-07-27T00:00:16.3926041-04:00,0,9.7,3
2026-07-27T00:00:16.3956908-04:00,0,9.7,3
2026-07-27T00:00:16.3986745-04:00,0,9.7,3
2026-07-27T00:00:16.4016545-04:00,0,9.7,3
2026-07-27T00:00:16.4045682-04:00,0,9.7,3
2026-07-27T00:00:16.4073239-04:00,0,9.7,3
2026-07-27T00:00:16.4104538-04:00,0,9.7,3
2026-07-27T00:00:16.4136235-04:00,0,9.7,3
2026-07-27T00:00:16.4165934-04:00,0,9.7,3
2026-07-27T00:00:16.4196035-04:00,0,9.7,3
2026-07-27T00:00:16.4225705-04:00,0,9.7,3
2026-07-27T00:00:16.4258103-04:00,0,9.7,3
2026-07-27T00:00:16.4294926-04:00,0,9.7,3
2026-07-27T00:00:16.4325571-04:00,0,9.7,3
2026-07-27T00:00:16.4355156-04:00,0,9.7,3
2026-07-27T00:00:16.4383930-04:00,0,9.7,3
2026-07-27T00:00:16.4423140-04:00,0,9.7,3
2026-07-27T00:00:16.4454899-04:00,0,9.7,3
2026-07-27T00:00:16.4483813-04:00,0,9.7,3
2026-07-27T00:00:16.4512088-04:00,0,9.7,3
2026-07-27T00:00:16.4541104-04:00,0,9.7,3
2026-07-27T00:00:16.4572326-04:00,0,9.7,3
2026-07-27T00:00:16.4601968-04:00,0,9.7,3
2026-07-27T00:00:16.4630217-04:00,0,9.7,3
2026-07-27T00:00:16.4665172-04:00,0,9.7,3
2026-07-27T00:00:16.4701920-04:00,0,9.7,3
2026-07-27T00:00:16.4734432-04:00,0,9.7,3
2026-07-27T00:00:16.4768372-04:00,0,9.7,3
2026-07-27T00:00:16.4799779-04:00,0,9.7,3
2026-07-27T00:00:16.4831786-04:00,0,9.7,3
2026-07-27T00:00:16.4863149-04:00,0,9.7,3
2026-07-27T00:00:16.4897764-04:00,0,9.7,3
2026-07-27T00:00:16.4929808-04:00,0,9.7,3
2026-07-27T00:00:16.4962310-04:00,0,9.7,3
2026-07-27T00:00:16.4991894-04:00,0,9.7,3
2026-07-27T00:00:16.5023242-04:00,0,9.7,3
2026-07-27T00:00:16.5054049-04:00,0,9.7,3
2026-07-27T00:00:16.5089318-04:00,0,9.7,3
2026-07-27T00:00:16.5121238-04:00,0,9.7,3
2026-07-27T00:00:16.5157770-04:00,0,9.7,3
2026-07-27T00:00:16.5192866-04:00,0,9.7,3
2026-07-27T00:00:16.5227280-04:00,0,9.7,3
2026-07-27T00:00:16.5257950-04:00,0,9.7,3
2026-07-27T00:00:16.5288036-04:00,0,9.7,3
2026-07-27T00:00:16.5315938-04:00,0,9.7,3
2026-07-27T00:00:16.5344497-04:00,0,9.7,3
2026-07-27T00:00:16.5374583-04:00,0,9.7,3
2026-07-27T00:00:16.5405849-04:00,0,9.7,3
2026-07-27T00:00:16.5434919-04:00,0,9.7,3
2026-07-27T00:00:16.5463152-04:00,0,9.7,3
2026-07-27T00:00:16.5490944-04:00,0,9.7,3
2026-07-27T00:00:16.5518726-04:00,0,9.7,3
2026-07-27T00:00:16.5548926-04:00,0,9.7,3
2026-07-27T00:00:16.5578248-04:00,0,9.7,3
2026-07-27T00:00:16.5606312-04:00,0,9.7,3
2026-07-27T00:00:16.5637109-04:00,0,9.7,3
2026-07-27T00:00:16.5665693-04:00,0,9.7,3
2026-07-27T00:00:16.5694449-04:00,0,9.7,3
2026-07-27T00:00:16.5723204-04:00,0,9.7,3
2026-07-27T00:00:16.5752043-04:00,0,9.7,3
2026-07-27T00:00:16.5780467-04:00,0,9.7,3
2026-07-27T00:00:16.5813149-04:00,0,9.7,3
2026-07-27T00:00:16.5843165-04:00,0,9.7,3
2026-07-27T00:00:16.5871837-04:00,0,9.7,3
2026-07-27T00:00:16.5900802-04:00,0,9.7,3
2026-07-27T00:00:16.5928654-04:00,0,9.7,3
2026-07-27T00:00:16.5960083-04:00,0,9.7,3
2026-07-27T00:00:16.5992952-04:00,0,9.7,3
2026-07-27T00:00:16.6022379-04:00,0,9.7,3
2026-07-27T00:00:16.6051447-04:00,0,9.7,3
2026-07-27T00:00:16.6080719-04:00,0,9.7,3
2026-07-27T00:00:16.6109266-04:00,0,9.7,3
2026-07-27T00:00:16.6137318-04:00,0,9.7,3
2026-07-27T00:00:16.6164656-04:00,0,9.7,3
2026-07-27T00:00:16.6192549-04:00,0,9.7,3
2026-07-27T00:00:16.6221418-04:00,0,9.7,3
2026-07-27T00:00:16.6249605-04:00,0,9.7,3
2026-07-27T00:00:16.6280836-04:00,0,9.7,3
2026-07-27T00:00:16.6309262-04:00,0,9.7,3
2026-07-27T00:00:16.6340000-04:00,0,9.7,3
2026-07-27T00:00:16.6370740-04:00,0,9.7,3
2026-07-27T00:00:16.6399438-04:00,0,9.7,3
2026-07-27T00:00:16.6426990-04:00,0,9.7,3
2026-07-27T00:00:16.6455007-04:00,0,9.7,3
2026-07-27T00:00:16.6490442-04:00,0,9.7,3
2026-07-27T00:00:16.6520246-04:00,0,9.7,3
2026-07-27T00:00:16.6549104-04:00,0,9.7,3
2026-07-27T00:00:16.6576669-04:00,0,9.7,3
2026-07-27T00:00:16.6604235-04:00,0,9.7,3
2026-07-27T00:00:16.6635522-04:00,0,9.7,3
2026-07-27T00:00:16.6664818-04:00,0,9.7,3
2026-07-27T00:00:16.6693066-04:00,0,9.7,3
2026-07-27T00:00:16.6720440-04:00,0,9.7,3
2026-07-27T00:00:16.6748645-04:00,0,9.7,3
2026-07-27T00:00:16.6776268-04:00,0,9.7,3
2026-07-27T00:00:16.6804988-04:00,0,9.7,3
2026-07-27T00:00:16.6833106-04:00,0,9.7,3
2026-07-27T00:00:16.6861045-04:00,0,9.7,3
2026-07-27T00:00:16.6888544-04:00,0,9.7,3
2026-07-27T00:00:16.6917177-04:00,0,9.7,3
2026-07-27T00:00:16.6945905-04:00,0,9.7,3
2026-07-27T00:00:16.6977035-04:00,0,9.7,3
2026-07-27T00:00:16.7005934-04:00,0,9.7,3
2026-07-27T00:00:16.7035216-04:00,0,9.7,3
2026-07-27T00:00:16.7063801-04:00,0,9.7,3
2026-07-27T00:00:16.7093990-04:00,0,9.7,3
2026-07-27T00:00:16.7124222-04:00,0,9.7,3
2026-07-27T00:00:16.7159427-04:00,0,9.7,3
2026-07-27T00:00:16.7189414-04:00,0,9.7,3
2026-07-27T00:00:16.7217993-04:00,0,9.7,3
2026-07-27T00:00:16.7248554-04:00,0,9.7,3
2026-07-27T00:00:16.7278724-04:00,0,9.7,3
2026-07-27T00:00:16.7308212-04:00,0,9.7,3
2026-07-27T00:00:16.7340361-04:00,0,9.7,3
2026-07-27T00:00:16.7371842-04:00,0,9.7,3
2026-07-27T00:00:16.7400939-04:00,0,9.7,3
2026-07-27T00:00:16.7430125-04:00,0,9.7,3
2026-07-27T00:00:16.7459139-04:00,0,9.7,3
2026-07-27T00:00:16.7487659-04:00,0,9.7,3
2026-07-27T00:00:16.7516122-04:00,0,9.7,3
2026-07-27T00:00:16.7545120-04:00,0,9.7,3
2026-07-27T00:00:16.7575895-04:00,0,9.7,3
2026-07-27T00:00:16.7606654-04:00,0,9.7,3
2026-07-27T00:00:16.7637581-04:00,0,9.7,3
2026-07-27T00:00:16.7666314-04:00,0,9.7,3
2026-07-27T00:00:16.7695038-04:00,0,9.7,3
2026-07-27T00:00:16.7724437-04:00,0,9.7,3
2026-07-27T00:00:16.7756015-04:00,0,9.7,3
2026-07-27T00:00:16.7789747-04:00,0,9.7,3
2026-07-27T00:00:16.7821073-04:00,0,9.7,3
2026-07-27T00:00:16.7859967-04:00,0,9.7,3
2026-07-27T00:00:16.7892589-04:00,0,9.7,3
2026-07-27T00:00:16.7921925-04:00,0,9.7,3
2026-07-27T00:00:16.7951491-04:00,0,9.7,3
2026-07-27T00:00:16.7979389-04:00,0,9.7,3
2026-07-27T00:00:16.8008395-04:00,0,9.7,3
2026-07-27T00:00:16.8036724-04:00,0,9.7,3
2026-07-27T00:00:16.8065655-04:00,0,9.7,3
2026-07-27T00:00:16.8094084-04:00,0,9.7,3
2026-07-27T00:00:16.8122935-04:00,0,9.7,3
2026-07-27T00:00:16.8151449-04:00,0,9.7,3
2026-07-27T00:00:16.8182354-04:00,0,9.7,3
2026-07-27T00:00:16.8210877-04:00,0,9.7,3
2026-07-27T00:00:16.8240976-04:00,0,9.7,3
2026-07-27T00:00:16.8270166-04:00,0,9.7,3
2026-07-27T00:00:16.8301030-04:00,0,9.7,3
2026-07-27T00:00:16.8329795-04:00,0,9.7,3
2026-07-27T00:00:16.8357926-04:00,0,9.7,3
2026-07-27T00:00:16.8387231-04:00,0,9.7,3
2026-07-27T00:00:16.8416457-04:00,0,9.7,3
2026-07-27T00:00:16.8445101-04:00,0,9.7,3
2026-07-27T00:00:16.8473293-04:00,0,9.7,3
2026-07-27T00:00:16.8508192-04:00,0,9.7,3
2026-07-27T00:00:16.8542349-04:00,0,9.7,3
2026-07-27T00:00:16.8572162-04:00,0,9.7,3
2026-07-27T00:00:16.8602148-04:00,0,9.7,3
2026-07-27T00:00:16.8630781-04:00,0,9.7,3
2026-07-27T00:00:16.8659230-04:00,0,9.7,3
2026-07-27T00:00:16.8686970-04:00,0,9.7,3
2026-07-27T00:00:16.8715324-04:00,0,9.7,3
2026-07-27T00:00:16.8743251-04:00,0,9.7,3
2026-07-27T00:00:16.8772183-04:00,0,9.7,3
2026-07-27T00:00:16.8800469-04:00,0,9.7,3
2026-07-27T00:00:16.8828654-04:00,0,9.7,3
2026-07-27T00:00:16.8859746-04:00,0,9.7,3
2026-07-27T00:00:16.8889765-04:00,0,9.7,3
2026-07-27T00:00:16.8920924-04:00,0,9.7,3
2026-07-27T00:00:16.8952160-04:00,0,9.7,3
2026-07-27T00:00:16.8982859-04:00,0,9.7,3
2026-07-27T00:00:16.9015091-04:00,0,9.7,3
2026-07-27T00:00:16.9044814-04:00,0,9.7,3
2026-07-27T00:00:16.9074779-04:00,0,9.7,3
2026-07-27T00:00:16.9103624-04:00,0,9.7,3
2026-07-27T00:00:16.9133000-04:00,0,9.7,3
2026-07-27T00:00:16.9161970-04:00,0,9.7,3
2026-07-27T00:00:16.9206515-04:00,0,9.7,3
2026-07-27T00:00:16.9243088-04:00,0,9.7,3
2026-07-27T00:00:16.9273783-04:00,0,9.7,3
2026-07-27T00:00:16.9303836-04:00,0,9.7,3
2026-07-27T00:00:16.9333638-04:00,0,9.7,3
2026-07-27T00:00:16.9363952-04:00,0,9.7,3
2026-07-27T00:00:16.9393099-04:00,0,9.7,3
2026-07-27T00:00:16.9422101-04:00,0,9.7,3
2026-07-27T00:00:16.9451097-04:00,0,9.7,3
2026-07-27T00:00:16.9479607-04:00,0,9.7,3
2026-07-27T00:00:16.9514862-04:00,0,9.7,3
2026-07-27T00:00:16.9546370-04:00,0,9.7,3
2026-07-27T00:00:16.9576218-04:00,0,9.7,3
2026-07-27T00:00:16.9604829-04:00,0,9.7,3
2026-07-27T00:00:16.9634096-04:00,0,9.7,3
2026-07-27T00:00:16.9671626-04:00,0,9.7,3
2026-07-27T00:00:16.9705258-04:00,0,9.7,3
2026-07-27T00:00:16.9736995-04:00,0,9.7,3
2026-07-27T00:00:16.9769210-04:00,0,9.7,3
2026-07-27T00:00:16.9801257-04:00,0,9.7,3
2026-07-27T00:00:16.9832543-04:00,0,9.7,3
2026-07-27T00:00:16.9862347-04:00,0,9.7,3
2026-07-27T00:00:16.9891810-04:00,0,9.7,3
2026-07-27T00:00:16.9926595-04:00,0,9.7,3
2026-07-27T00:00:16.9956471-04:00,0,9.7,3
2026-07-27T00:00:16.9990483-04:00,0,9.7,3
2026-07-27T00:00:17.0020229-04:00,0,9.7,3
2026-07-27T00:00:17.0049956-04:00,0,9.7,3
2026-07-27T00:00:17.0078075-04:00,0,9.7,3
2026-07-27T00:00:17.0106911-04:00,0,9.7,3
2026-07-27T00:00:17.0136463-04:00,0,9.7,3
2026-07-27T00:00:17.0167002-04:00,0,9.7,3
2026-07-27T00:00:17.0195719-04:00,0,9.7,3
2026-07-27T00:00:17.0224255-04:00,0,9.7,3
2026-07-27T00:00:17.0253003-04:00,0,9.7,3
2026-07-27T00:00:17.0282870-04:00,0,9.7,3
2026-07-27T00:00:17.0314965-04:00,0,9.7,3
2026-07-27T00:00:17.0346587-04:00,0,9.7,3
2026-07-27T00:00:17.0376179-04:00,0,9.7,3
2026-07-27T00:00:17.0405243-04:00,0,9.7,3
2026-07-27T00:00:17.0433184-04:00,0,9.7,3
2026-07-27T00:00:17.0466093-04:00,0,9.7,3
2026-07-27T00:00:17.0499179-04:00,0,9.7,3
2026-07-27T00:00:17.0529108-04:00,0,9.7,3
2026-07-27T00:00:17.0558512-04:00,0,9.7,3
2026-07-27T00:00:17.0587578-04:00,0,9.7,3
2026-07-27T00:00:17.0623688-04:00,0,9.7,3
2026-07-27T00:00:17.0652306-04:00,0,9.7,3
2026-07-27T00:00:17.0680544-04:00,0,9.7,3
2026-07-27T00:00:17.0708445-04:00,0,9.7,3
2026-07-27T00:00:17.0737972-04:00,0,9.7,3
2026-07-27T00:00:17.0766779-04:00,0,9.7,3
2026-07-27T00:00:17.0797201-04:00,0,9.7,3
2026-07-27T00:00:17.0825441-04:00,0,9.7,3
2026-07-27T00:00:17.0855527-04:00,0,9.7,3
2026-07-27T00:00:17.0884090-04:00,0,9.7,3
2026-07-27T00:00:17.0913468-04:00,0,9.7,3
2026-07-27T00:00:17.0943135-04:00,0,9.7,3
2026-07-27T00:00:17.0972476-04:00,0,9.7,3
2026-07-27T00:00:17.1004702-04:00,0,9.7,3
2026-07-27T00:00:17.1033999-04:00,0,9.7,3
2026-07-27T00:00:17.1062827-04:00,0,9.7,3
2026-07-27T00:00:17.1093361-04:00,0,9.7,3
2026-07-27T00:00:17.1122399-04:00,0,9.7,3
2026-07-27T00:00:17.1152165-04:00,0,9.7,3
2026-07-27T00:00:17.1180831-04:00,0,9.7,3
2026-07-27T00:00:17.1209480-04:00,0,9.7,3
2026-07-27T00:00:17.1238503-04:00,0,9.7,3
2026-07-27T00:00:17.1274497-04:00,0,9.7,3
2026-07-27T00:00:17.1304911-04:00,0,9.7,3
2026-07-27T00:00:17.1333940-04:00,0,9.7,3
2026-07-27T00:00:17.1362595-04:00,0,9.7,3
2026-07-27T00:00:17.1391119-04:00,0,9.7,3
2026-07-27T00:00:17.1419812-04:00,0,9.7,3
2026-07-27T00:00:17.1449365-04:00,0,9.7,3
2026-07-27T00:00:17.1480151-04:00,0,9.7,3
2026-07-27T00:00:17.1508629-04:00,0,9.7,3
2026-07-27T00:00:17.1536979-04:00,0,9.7,3
2026-07-27T00:00:17.1565689-04:00,0,9.7,3
2026-07-27T00:00:17.1594691-04:00,0,9.7,3
2026-07-27T00:00:17.1622977-04:00,0,9.7,3
2026-07-27T00:00:17.1651115-04:00,0,9.7,3
2026-07-27T00:00:17.1679054-04:00,0,9.7,3
2026-07-27T00:00:17.1707134-04:00,0,9.7,3
2026-07-27T00:00:17.1735371-04:00,0,9.7,3
2026-07-27T00:00:17.1763553-04:00,0,9.7,3
2026-07-27T00:00:17.1793504-04:00,0,9.7,3
2026-07-27T00:00:17.1823994-04:00,0,9.7,3
2026-07-27T00:00:17.1852318-04:00,0,9.7,3
2026-07-27T00:00:17.1881464-04:00,0,9.7,3
2026-07-27T00:00:17.1910793-04:00,0,9.7,3
2026-07-27T00:00:17.1945244-04:00,0,9.7,3
2026-07-27T00:00:17.1974912-04:00,0,9.7,3
2026-07-27T00:00:17.2003382-04:00,0,9.7,3
2026-07-27T00:00:17.2032034-04:00,0,9.7,3
2026-07-27T00:00:17.2060618-04:00,0,9.7,3
2026-07-27T00:00:17.2090606-04:00,0,9.7,3
2026-07-27T00:00:17.2120424-04:00,0,9.7,3
2026-07-27T00:00:17.2151261-04:00,0,9.7,3
2026-07-27T00:00:17.2180933-04:00,0,9.7,3
2026-07-27T00:00:17.2211079-04:00,0,9.7,3
2026-07-27T00:00:17.2240955-04:00,0,9.7,3
2026-07-27T00:00:17.2270190-04:00,0,9.7,3
2026-07-27T00:00:17.2298972-04:00,0,9.7,3
2026-07-27T00:00:17.2328589-04:00,0,9.7,3
2026-07-27T00:00:17.2357047-04:00,0,9.7,3
2026-07-27T00:00:17.2387138-04:00,0,9.7,3
2026-07-27T00:00:17.2416256-04:00,0,9.7,3
2026-07-27T00:00:17.2446362-04:00,0,9.7,3
2026-07-27T00:00:17.2475338-04:00,0,9.7,3
2026-07-27T00:00:17.2506380-04:00,0,9.7,3
2026-07-27T00:00:17.2539247-04:00,0,9.7,3
2026-07-27T00:00:17.2568637-04:00,0,9.7,3
2026-07-27T00:00:17.2596735-04:00,0,9.7,3
2026-07-27T00:00:17.2633230-04:00,0,9.7,3
2026-07-27T00:00:17.2666075-04:00,0,9.7,3
2026-07-27T00:00:17.2696034-04:00,0,9.7,3
2026-07-27T00:00:17.2725207-04:00,0,9.7,3
2026-07-27T00:00:17.2756897-04:00,0,9.7,3
2026-07-27T00:00:17.2786131-04:00,0,9.7,3
2026-07-27T00:00:17.2815261-04:00,0,9.7,3
2026-07-27T00:00:17.2843839-04:00,0,9.7,3
2026-07-27T00:00:17.2871828-04:00,0,9.7,3
2026-07-27T00:00:17.2899635-04:00,0,9.7,3
2026-07-27T00:00:17.2927743-04:00,0,9.7,3
2026-07-27T00:00:17.2955930-04:00,0,9.7,3
2026-07-27T00:00:17.2984402-04:00,0,9.7,3
2026-07-27T00:00:17.3013053-04:00,0,9.7,3
2026-07-27T00:00:17.3040958-04:00,0,9.7,3
2026-07-27T00:00:17.3069010-04:00,0,9.7,3
2026-07-27T00:00:17.3097857-04:00,0,9.7,3
2026-07-27T00:00:17.3126043-04:00,0,9.7,3
2026-07-27T00:00:17.3153898-04:00,0,9.7,3
2026-07-27T00:00:17.3181950-04:00,0,9.7,3
2026-07-27T00:00:17.3209782-04:00,0,9.7,3
2026-07-27T00:00:17.3238181-04:00,0,9.7,3
2026-07-27T00:00:17.3271650-04:00,0,9.7,3
2026-07-27T00:00:17.3303303-04:00,0,9.7,3
2026-07-27T00:00:17.3333244-04:00,0,9.7,3
2026-07-27T00:00:17.3361839-04:00,0,9.7,3
2026-07-27T00:00:17.3391531-04:00,0,9.7,3
2026-07-27T00:00:17.3420406-04:00,0,9.7,3
2026-07-27T00:00:17.3453531-04:00,0,9.7,3
2026-07-27T00:00:17.3486300-04:00,0,9.7,3
2026-07-27T00:00:17.3516852-04:00,0,9.7,3
2026-07-27T00:00:17.3545986-04:00,0,9.7,3
2026-07-27T00:00:17.3574697-04:00,0,9.7,3
2026-07-27T00:00:17.3602424-04:00,0,9.7,3
2026-07-27T00:00:17.3630744-04:00,0,9.7,3
2026-07-27T00:00:17.3658822-04:00,0,9.7,3
2026-07-27T00:00:17.3687011-04:00,0,9.7,3
2026-07-27T00:00:17.3716154-04:00,0,9.7,3
2026-07-27T00:00:17.3747849-04:00,0,9.7,3
2026-07-27T00:00:17.3779097-04:00,0,9.7,3
2026-07-27T00:00:17.3808892-04:00,0,9.7,3
2026-07-27T00:00:17.3837316-04:00,0,9.7,3
2026-07-27T00:00:17.3868068-04:00,0,9.7,3
2026-07-27T00:00:17.3895888-04:00,0,9.7,3
2026-07-27T00:00:17.3923924-04:00,0,9.7,3
2026-07-27T00:00:17.3959423-04:00,0,9.7,3
2026-07-27T00:00:17.3989010-04:00,0,9.7,3
2026-07-27T00:00:17.4017214-04:00,0,9.7,3
2026-07-27T00:00:17.4045951-04:00,0,9.7,3
2026-07-27T00:00:17.4074084-04:00,0,9.7,3
2026-07-27T00:00:17.4102719-04:00,0,9.7,3
2026-07-27T00:00:17.4131216-04:00,0,9.7,3
2026-07-27T00:00:17.4159710-04:00,0,9.7,3
2026-07-27T00:00:17.4187682-04:00,0,9.7,3
2026-07-27T00:00:17.4215840-04:00,0,9.7,3
2026-07-27T00:00:17.4246042-04:00,0,9.7,3
2026-07-27T00:00:17.4282589-04:00,0,9.7,3
2026-07-27T00:00:17.4317289-04:00,0,9.7,3
2026-07-27T00:00:17.4347720-04:00,0,9.7,3
2026-07-27T00:00:17.4377096-04:00,0,9.7,3
2026-07-27T00:00:17.4409427-04:00,0,9.7,3
2026-07-27T00:00:17.4440197-04:00,0,9.7,3
2026-07-27T00:00:17.4468992-04:00,0,9.7,3
2026-07-27T00:00:17.4497360-04:00,0,9.7,3
2026-07-27T00:00:17.4525490-04:00,0,9.7,3
2026-07-27T00:00:17.4554037-04:00,0,9.7,3
2026-07-27T00:00:17.4582681-04:00,0,9.7,3
2026-07-27T00:00:17.4611619-04:00,0,9.7,3
2026-07-27T00:00:17.4647050-04:00,0,9.7,3
2026-07-27T00:00:17.4676512-04:00,0,9.7,3
2026-07-27T00:00:17.4705222-04:00,0,9.7,3
2026-07-27T00:00:17.4735856-04:00,0,9.7,3
2026-07-27T00:00:17.4767840-04:00,0,9.7,3
2026-07-27T00:00:17.4796654-04:00,0,9.7,3
2026-07-27T00:00:17.4825226-04:00,0,9.7,3
2026-07-27T00:00:17.4853245-04:00,0,9.7,3
2026-07-27T00:00:17.4881435-04:00,0,9.7,3
2026-07-27T00:00:17.4911482-04:00,0,9.7,3
2026-07-27T00:00:17.4941850-04:00,0,9.7,3
2026-07-27T00:00:17.4971091-04:00,0,9.7,3
2026-07-27T00:00:17.5001769-04:00,0,9.7,3
2026-07-27T00:00:17.5034922-04:00,0,9.7,3
2026-07-27T00:00:17.5067651-04:00,0,9.7,3
2026-07-27T00:00:17.5103667-04:00,0,9.7,3
2026-07-27T00:00:17.5137471-04:00,0,9.7,3
2026-07-27T00:00:17.5171116-04:00,0,9.7,3
2026-07-27T00:00:17.5205068-04:00,0,9.7,3
2026-07-27T00:00:17.5237436-04:00,0,9.7,3
2026-07-27T00:00:17.5271193-04:00,0,9.7,3
2026-07-27T00:00:17.5300847-04:00,0,9.7,3
2026-07-27T00:00:17.5337185-04:00,0,9.7,3
2026-07-27T00:00:17.5373541-04:00,0,9.7,3
2026-07-27T00:00:17.5403669-04:00,0,9.7,3
2026-07-27T00:00:17.5433335-04:00,0,9.7,3
2026-07-27T00:00:17.5461910-04:00,0,9.7,3
2026-07-27T00:00:17.5492188-04:00,0,9.7,3
2026-07-27T00:00:17.5521422-04:00,0,9.7,3
2026-07-27T00:00:17.5550840-04:00,0,9.7,3
2026-07-27T00:00:17.5579151-04:00,0,9.7,3
2026-07-27T00:00:17.5608028-04:00,0,9.7,3
2026-07-27T00:00:17.5636323-04:00,0,9.7,3
2026-07-27T00:00:17.5666263-04:00,0,9.7,3
2026-07-27T00:00:17.5696725-04:00,0,9.7,3
2026-07-27T00:00:17.5725408-04:00,0,9.7,3
2026-07-27T00:00:17.5753557-04:00,0,9.7,3
2026-07-27T00:00:17.5782197-04:00,0,9.7,3
2026-07-27T00:00:17.5810276-04:00,0,9.7,3
2026-07-27T00:00:17.5843038-04:00,0,9.7,3
2026-07-27T00:00:17.5872827-04:00,0,9.7,3
2026-07-27T00:00:17.5901805-04:00,0,9.7,3
2026-07-27T00:00:17.5930556-04:00,0,9.7,3
2026-07-27T00:00:17.5959277-04:00,0,9.7,3
2026-07-27T00:00:17.5988095-04:00,0,9.7,3
2026-07-27T00:00:17.6027190-04:00,0,9.7,3
2026-07-27T00:00:17.6057191-04:00,0,9.7,3
2026-07-27T00:00:17.6088468-04:00,0,9.7,3
2026-07-27T00:00:17.6116880-04:00,0,9.7,3
2026-07-27T00:00:17.6145501-04:00,0,9.7,3
2026-07-27T00:00:17.6178369-04:00,0,9.7,3
2026-07-27T00:00:17.6212560-04:00,0,9.7,3
2026-07-27T00:00:17.6244218-04:00,0,9.7,3
2026-07-27T00:00:17.6275829-04:00,0,9.7,3
2026-07-27T00:00:17.6306452-04:00,0,9.7,3
2026-07-27T00:00:17.6341587-04:00,0,9.7,3
2026-07-27T00:00:17.6375855-04:00,0,9.7,3
2026-07-27T00:00:17.6408589-04:00,0,9.7,3
2026-07-27T00:00:17.6440611-04:00,0,9.7,3
2026-07-27T00:00:17.6472010-04:00,0,9.7,3
2026-07-27T00:00:17.6502003-04:00,0,9.7,3
2026-07-27T00:00:17.6531903-04:00,0,9.7,3
2026-07-27T00:00:17.6561242-04:00,0,9.7,3
2026-07-27T00:00:17.6590699-04:00,0,9.7,3
2026-07-27T00:00:17.6624754-04:00,0,9.7,3
2026-07-27T00:00:17.6655907-04:00,0,9.7,3
2026-07-27T00:00:17.6685258-04:00,0,9.7,3
2026-07-27T00:00:17.6721697-04:00,0,9.7,3
2026-07-27T00:00:17.6759384-04:00,0,9.7,3
2026-07-27T00:00:17.6793276-04:00,0,9.7,3
2026-07-27T00:00:17.6826049-04:00,0,9.7,3
2026-07-27T00:00:17.6857956-04:00,0,9.7,3
2026-07-27T00:00:17.6888305-04:00,0,9.7,3
2026-07-27T00:00:17.6918230-04:00,0,9.7,3
2026-07-27T00:00:17.6948028-04:00,0,9.7,3
2026-07-27T00:00:17.6976979-04:00,0,9.7,3
2026-07-27T00:00:17.7006432-04:00,0,9.7,3
2026-07-27T00:00:17.7034800-04:00,0,9.7,3
2026-07-27T00:00:17.7063099-04:00,0,9.7,3
2026-07-27T00:00:17.7091615-04:00,0,9.7,3
2026-07-27T00:00:17.7120809-04:00,0,9.7,3
2026-07-27T00:00:17.7149468-04:00,0,9.7,3
2026-07-27T00:00:17.7177889-04:00,0,9.7,3
2026-07-27T00:00:17.7206047-04:00,0,9.7,3
2026-07-27T00:00:17.7234692-04:00,0,9.7,3
2026-07-27T00:00:17.7263153-04:00,0,9.7,3
2026-07-27T00:00:17.7292379-04:00,0,9.7,3
2026-07-27T00:00:17.7321143-04:00,0,9.7,3
2026-07-27T00:00:17.7349053-04:00,0,9.7,3
2026-07-27T00:00:17.7377369-04:00,0,9.7,3
2026-07-27T00:00:17.7407402-04:00,0,9.7,3
2026-07-27T00:00:17.7442746-04:00,0,9.7,3
2026-07-27T00:00:17.7472482-04:00,0,9.7,3
2026-07-27T00:00:17.7501124-04:00,0,9.7,3
2026-07-27T00:00:17.7529416-04:00,0,9.7,3
2026-07-27T00:00:17.7559302-04:00,0,9.7,3
2026-07-27T00:00:17.7589015-04:00,0,9.7,3
2026-07-27T00:00:17.7618404-04:00,0,9.7,3
2026-07-27T00:00:17.7647491-04:00,0,9.7,3
2026-07-27T00:00:17.7678289-04:00,0,9.7,3
2026-07-27T00:00:17.7710231-04:00,0,9.7,3
2026-07-27T00:00:17.7741099-04:00,0,9.7,3
2026-07-27T00:00:17.7770365-04:00,0,9.7,3
2026-07-27T00:00:17.7801690-04:00,0,9.7,3
2026-07-27T00:00:17.7831219-04:00,0,9.7,3
2026-07-27T00:00:17.7862344-04:00,0,9.7,3
2026-07-27T00:00:17.7904891-04:00,0,9.7,3
2026-07-27T00:00:17.7934096-04:00,0,9.7,3
2026-07-27T00:00:17.7962752-04:00,0,9.7,3
2026-07-27T00:00:17.7991300-04:00,0,9.7,3
2026-07-27T00:00:17.8019907-04:00,0,9.7,3
2026-07-27T00:00:17.8048483-04:00,0,9.7,3
2026-07-27T00:00:17.8076862-04:00,0,9.7,3
2026-07-27T00:00:17.8114216-04:00,0,9.7,3
2026-07-27T00:00:17.8144739-04:00,0,9.7,3
2026-07-27T00:00:17.8173614-04:00,0,9.7,3
2026-07-27T00:00:17.8202868-04:00,0,9.7,3
2026-07-27T00:00:17.8231309-04:00,0,9.7,3
2026-07-27T00:00:17.8259943-04:00,0,9.7,3
2026-07-27T00:00:17.8289485-04:00,0,9.7,3
2026-07-27T00:00:17.8318338-04:00,0,9.7,3
2026-07-27T00:00:17.8348084-04:00,0,9.7,3
2026-07-27T00:00:17.8377472-04:00,0,9.7,3
2026-07-27T00:00:17.8406628-04:00,0,9.7,3
2026-07-27T00:00:17.8434900-04:00,0,9.7,3
2026-07-27T00:00:17.8463196-04:00,0,9.7,3
2026-07-27T00:00:17.8491481-04:00,0,9.7,3
2026-07-27T00:00:17.8520015-04:00,0,9.7,3
2026-07-27T00:00:17.8545485-04:00,0,9.7,3
2026-07-27T00:00:17.8575243-04:00,0,9.7,3
2026-07-27T00:00:17.8606263-04:00,0,9.7,3
2026-07-27T00:00:17.8635405-04:00,0,9.7,3
2026-07-27T00:00:17.8665620-04:00,0,9.7,3
2026-07-27T00:00:17.8694203-04:00,0,9.7,3
2026-07-27T00:00:17.8722170-04:00,0,9.7,3
2026-07-27T00:00:17.8750279-04:00,0,9.7,3
2026-07-27T00:00:17.8792041-04:00,0,9.7,3
2026-07-27T00:00:17.8830723-04:00,0,9.7,3
2026-07-27T00:00:17.8867155-04:00,0,9.7,3
2026-07-27T00:00:17.8897817-04:00,0,9.7,3
2026-07-27T00:00:17.8926972-04:00,0,9.7,3
2026-07-27T00:00:17.8958800-04:00,0,9.7,3
2026-07-27T00:00:17.8987667-04:00,0,9.7,3
2026-07-27T00:00:17.9016837-04:00,0,9.7,3
2026-07-27T00:00:17.9045506-04:00,0,9.7,3
2026-07-27T00:00:17.9074120-04:00,0,9.7,3
2026-07-27T00:00:17.9102514-04:00,0,9.7,3
2026-07-27T00:00:17.9131317-04:00,0,9.7,3
2026-07-27T00:00:17.9159585-04:00,0,9.7,3
2026-07-27T00:00:17.9188490-04:00,0,9.7,3
2026-07-27T00:00:17.9216629-04:00,0,9.7,3
2026-07-27T00:00:17.9245371-04:00,0,9.7,3
2026-07-27T00:00:17.9273602-04:00,0,9.7,3
2026-07-27T00:00:17.9310779-04:00,0,9.7,3
2026-07-27T00:00:17.9345106-04:00,0,9.7,3
2026-07-27T00:00:17.9376182-04:00,0,9.7,3
2026-07-27T00:00:17.9406196-04:00,0,9.7,3
2026-07-27T00:00:17.9434957-04:00,0,9.7,3
2026-07-27T00:00:17.9470846-04:00,0,9.7,3
2026-07-27T00:00:17.9510188-04:00,0,9.7,3
2026-07-27T00:00:17.9543347-04:00,0,9.7,3
2026-07-27T00:00:17.9574470-04:00,0,9.7,3
2026-07-27T00:00:17.9607084-04:00,0,9.7,3
2026-07-27T00:00:17.9638415-04:00,0,9.7,3
2026-07-27T00:00:17.9667965-04:00,0,9.7,3
2026-07-27T00:00:17.9696994-04:00,0,9.7,3
2026-07-27T00:00:17.9725319-04:00,0,9.7,3
2026-07-27T00:00:17.9753368-04:00,0,9.7,3
2026-07-27T00:00:17.9783584-04:00,0,9.7,3
2026-07-27T00:00:17.9815155-04:00,0,9.7,3
2026-07-27T00:00:17.9845464-04:00,0,9.7,3
2026-07-27T00:00:17.9874045-04:00,0,9.7,3
2026-07-27T00:00:17.9906926-04:00,0,9.7,3
2026-07-27T00:00:17.9938652-04:00,0,9.7,3
2026-07-27T00:00:17.9968800-04:00,0,9.7,3
2026-07-27T00:00:17.9997781-04:00,0,9.7,3
2026-07-27T00:00:18.0026517-04:00,0,9.7,3
2026-07-27T00:00:18.0054731-04:00,0,9.7,3
2026-07-27T00:00:18.0083439-04:00,0,9.7,3
2026-07-27T00:00:18.0112514-04:00,0,9.7,3
2026-07-27T00:00:18.0141899-04:00,0,9.7,3
2026-07-27T00:00:18.0170219-04:00,0,9.7,3
2026-07-27T00:00:18.0204187-04:00,0,9.7,3
2026-07-27T00:00:18.0234832-04:00,0,9.7,3
2026-07-27T00:00:18.0265207-04:00,0,9.7,3
2026-07-27T00:00:18.0301401-04:00,0,9.7,3
2026-07-27T00:00:18.0335521-04:00,0,9.7,3
2026-07-27T00:00:18.0369208-04:00,0,9.7,3
2026-07-27T00:00:18.0403987-04:00,0,9.7,3
2026-07-27T00:00:18.0436296-04:00,0,9.7,3
2026-07-27T00:00:18.0467623-04:00,0,9.7,3
2026-07-27T00:00:18.0498152-04:00,0,9.7,3
2026-07-27T00:00:18.0527888-04:00,0,9.7,3
2026-07-27T00:00:18.0558399-04:00,0,9.7,3
2026-07-27T00:00:18.0588561-04:00,0,9.7,3
2026-07-27T00:00:18.0618073-04:00,0,9.7,3
2026-07-27T00:00:18.0646620-04:00,0,9.7,3
2026-07-27T00:00:18.0675169-04:00,0,9.7,3
2026-07-27T00:00:18.0703686-04:00,0,9.7,3
2026-07-27T00:00:18.0732868-04:00,0,9.7,3
2026-07-27T00:00:18.0762219-04:00,0,9.7,3
2026-07-27T00:00:18.0791493-04:00,0,9.7,3
2026-07-27T00:00:18.0819523-04:00,0,9.7,3
2026-07-27T00:00:18.0847907-04:00,0,9.7,3
2026-07-27T00:00:18.0881499-04:00,0,9.7,3
2026-07-27T00:00:18.0914913-04:00,0,9.7,3
2026-07-27T00:00:18.0948968-04:00,0,9.7,3
2026-07-27T00:00:18.0979710-04:00,0,9.7,3
2026-07-27T00:00:18.1008643-04:00,0,9.7,3
2026-07-27T00:00:18.1038856-04:00,0,9.7,3
2026-07-27T00:00:18.1071306-04:00,0,9.7,3
2026-07-27T00:00:18.1102451-04:00,0,9.7,3
2026-07-27T00:00:18.1132152-04:00,0,9.7,3
2026-07-27T00:00:18.1163796-04:00,0,9.7,3
2026-07-27T00:00:18.1195193-04:00,0,9.7,3
2026-07-27T00:00:18.1225292-04:00,0,9.7,3
2026-07-27T00:00:18.1255734-04:00,0,9.7,3
2026-07-27T00:00:18.1285916-04:00,0,9.7,3
2026-07-27T00:00:18.1316431-04:00,0,9.7,3
2026-07-27T00:00:18.1345773-04:00,0,9.7,3
2026-07-27T00:00:18.1375194-04:00,0,9.7,3
2026-07-27T00:00:18.1404183-04:00,0,9.7,3
2026-07-27T00:00:18.1433397-04:00,0,9.7,3
2026-07-27T00:00:18.1463623-04:00,0,9.7,3
2026-07-27T00:00:18.1492322-04:00,0,9.7,3
2026-07-27T00:00:18.1522196-04:00,0,9.7,3
2026-07-27T00:00:18.1552403-04:00,0,9.7,3
2026-07-27T00:00:18.1589440-04:00,0,9.7,3
2026-07-27T00:00:18.1619749-04:00,0,9.7,3
2026-07-27T00:00:18.1649128-04:00,0,9.7,3
2026-07-27T00:00:18.1679575-04:00,0,9.7,3
2026-07-27T00:00:18.1709906-04:00,0,9.7,3
2026-07-27T00:00:18.1738830-04:00,0,9.7,3
2026-07-27T00:00:18.1767203-04:00,0,9.7,3
2026-07-27T00:00:18.1796006-04:00,0,9.7,3
2026-07-27T00:00:18.1825150-04:00,0,9.7,3
2026-07-27T00:00:18.1855801-04:00,0,9.7,3
2026-07-27T00:00:18.1885030-04:00,0,9.7,3
2026-07-27T00:00:18.1914534-04:00,0,9.7,3
2026-07-27T00:00:18.1943310-04:00,0,9.7,3
2026-07-27T00:00:18.1972122-04:00,0,9.7,3
2026-07-27T00:00:18.2000949-04:00,0,9.7,3
2026-07-27T00:00:18.2029681-04:00,0,9.7,3
2026-07-27T00:00:18.2058447-04:00,0,9.7,3
2026-07-27T00:00:18.2086726-04:00,0,9.7,3
2026-07-27T00:00:18.2116351-04:00,0,9.7,3
2026-07-27T00:00:18.2145456-04:00,0,9.7,3
2026-07-27T00:00:18.2177844-04:00,0,9.7,3
2026-07-27T00:00:18.2206961-04:00,0,9.7,3
2026-07-27T00:00:18.2236315-04:00,0,9.7,3
2026-07-27T00:00:18.2270628-04:00,0,9.7,3
2026-07-27T00:00:18.2300552-04:00,0,9.7,3
2026-07-27T00:00:18.2329541-04:00,0,9.7,3
2026-07-27T00:00:18.2358356-04:00,0,9.7,3
2026-07-27T00:00:18.2386691-04:00,0,9.7,3
2026-07-27T00:00:18.2415145-04:00,0,9.7,3
2026-07-27T00:00:18.2443313-04:00,0,9.7,3
2026-07-27T00:00:18.2472984-04:00,0,9.7,3
2026-07-27T00:00:18.2501938-04:00,0,9.7,3
2026-07-27T00:00:18.2531421-04:00,0,9.7,3
2026-07-27T00:00:18.2560684-04:00,0,9.7,3
2026-07-27T00:00:18.2590237-04:00,0,9.7,3
2026-07-27T00:00:18.2621131-04:00,0,9.7,3
2026-07-27T00:00:18.2654749-04:00,0,9.7,3
2026-07-27T00:00:18.2684592-04:00,0,9.7,3
2026-07-27T00:00:18.2713978-04:00,0,9.7,3
2026-07-27T00:00:18.2743715-04:00,0,9.7,3
2026-07-27T00:00:18.2774310-04:00,0,9.7,3
2026-07-27T00:00:18.2804879-04:00,0,9.7,3
2026-07-27T00:00:18.2833370-04:00,0,9.7,3
2026-07-27T00:00:18.2862405-04:00,0,9.7,3
2026-07-27T00:00:18.2891354-04:00,0,9.7,3
2026-07-27T00:00:18.2923099-04:00,0,9.7,3
2026-07-27T00:00:18.2959074-04:00,0,9.7,3
2026-07-27T00:00:18.2988338-04:00,0,9.7,3
2026-07-27T00:00:18.3016639-04:00,0,9.7,3
2026-07-27T00:00:18.3049532-04:00,0,9.7,3
2026-07-27T00:00:18.3078501-04:00,0,9.7,3
2026-07-27T00:00:18.3107425-04:00,0,9.7,3
2026-07-27T00:00:18.3135996-04:00,0,9.7,3
2026-07-27T00:00:18.3168316-04:00,0,9.7,3
2026-07-27T00:00:18.3197094-04:00,0,9.7,3
2026-07-27T00:00:18.3225379-04:00,0,9.7,3
2026-07-27T00:00:18.3254673-04:00,0,9.7,3
2026-07-27T00:00:18.3284954-04:00,0,9.7,3
2026-07-27T00:00:18.3315046-04:00,0,9.7,3
2026-07-27T00:00:18.3343171-04:00,0,9.7,3
2026-07-27T00:00:18.3371201-04:00,0,9.7,3
2026-07-27T00:00:18.3400529-04:00,0,9.7,3
2026-07-27T00:00:18.3429919-04:00,0,9.7,3
2026-07-27T00:00:18.3459663-04:00,0,9.7,3
2026-07-27T00:00:18.3489028-04:00,0,9.7,3
2026-07-27T00:00:18.3518441-04:00,0,9.7,3
2026-07-27T00:00:18.3547088-04:00,0,9.7,3
2026-07-27T00:00:18.3579305-04:00,0,9.7,3
2026-07-27T00:00:18.3619302-04:00,0,9.7,3
2026-07-27T00:00:18.3650087-04:00,0,9.7,3
2026-07-27T00:00:18.3679532-04:00,0,9.7,3
2026-07-27T00:00:18.3708137-04:00,0,9.7,3
2026-07-27T00:00:18.3739481-04:00,0,9.7,3
2026-07-27T00:00:18.3768980-04:00,0,9.7,3
2026-07-27T00:00:18.3800548-04:00,0,9.7,3
2026-07-27T00:00:18.3829022-04:00,0,9.7,3
2026-07-27T00:00:18.3857541-04:00,0,9.7,3
2026-07-27T00:00:18.3885766-04:00,0,9.7,3
2026-07-27T00:00:18.3914589-04:00,0,9.7,3
2026-07-27T00:00:18.3942416-04:00,0,9.7,3
2026-07-27T00:00:18.3970304-04:00,0,9.7,3
2026-07-27T00:00:18.3998342-04:00,0,9.7,3
2026-07-27T00:00:18.4026124-04:00,0,9.7,3
2026-07-27T00:00:18.4054740-04:00,0,9.7,3
2026-07-27T00:00:18.4083415-04:00,0,9.7,3
2026-07-27T00:00:18.4112291-04:00,0,9.7,3
2026-07-27T00:00:18.4143478-04:00,0,9.7,3
2026-07-27T00:00:18.4174340-04:00,0,9.7,3
2026-07-27T00:00:18.4209098-04:00,0,9.7,3
2026-07-27T00:00:18.4243093-04:00,0,9.7,3
2026-07-27T00:00:18.4275003-04:00,0,9.7,3
2026-07-27T00:00:18.4312132-04:00,0,9.7,3
2026-07-27T00:00:18.4343285-04:00,0,9.7,3
2026-07-27T00:00:18.4375493-04:00,0,9.7,3
2026-07-27T00:00:18.4406705-04:00,0,9.7,3
2026-07-27T00:00:18.4438980-04:00,0,9.7,3
2026-07-27T00:00:18.4468251-04:00,0,9.7,3
2026-07-27T00:00:18.4499326-04:00,0,9.7,3
2026-07-27T00:00:18.4531427-04:00,0,9.7,3
2026-07-27T00:00:18.4560967-04:00,0,9.7,3
2026-07-27T00:00:18.4591631-04:00,0,9.7,3
2026-07-27T00:00:18.4622788-04:00,0,9.7,3
2026-07-27T00:00:18.4652665-04:00,0,9.7,3
2026-07-27T00:00:18.4681110-04:00,0,9.7,3
2026-07-27T00:00:18.4710835-04:00,0,9.7,3
2026-07-27T00:00:18.4740138-04:00,0,9.7,3
2026-07-27T00:00:18.4769093-04:00,0,9.7,3
2026-07-27T00:00:18.4797962-04:00,0,9.7,3
2026-07-27T00:00:18.4829811-04:00,0,9.7,3
2026-07-27T00:00:18.4859977-04:00,0,9.7,3
2026-07-27T00:00:18.4891524-04:00,0,9.7,3
2026-07-27T00:00:18.4921045-04:00,0,9.7,3
2026-07-27T00:00:18.4952347-04:00,0,9.7,3
2026-07-27T00:00:18.4981629-04:00,0,9.7,3
2026-07-27T00:00:18.5020826-04:00,0,9.7,3
2026-07-27T00:00:18.5053074-04:00,0,9.7,3
2026-07-27T00:00:18.5083598-04:00,0,9.7,3
2026-07-27T00:00:18.5113419-04:00,0,9.7,3
2026-07-27T00:00:18.5151060-04:00,0,9.7,3
2026-07-27T00:00:18.5184344-04:00,0,9.7,3
2026-07-27T00:00:18.5215028-04:00,0,9.7,3
2026-07-27T00:00:18.5246359-04:00,0,9.7,3
2026-07-27T00:00:18.5275487-04:00,0,9.7,3
2026-07-27T00:00:18.5304281-04:00,0,9.7,3
2026-07-27T00:00:18.5332347-04:00,0,9.7,3
2026-07-27T00:00:18.5362423-04:00,0,9.7,3
2026-07-27T00:00:18.5391923-04:00,0,9.7,3
2026-07-27T00:00:18.5424265-04:00,0,9.7,3
2026-07-27T00:00:18.5452687-04:00,0,9.7,3
2026-07-27T00:00:18.5482764-04:00,0,9.7,3
2026-07-27T00:00:18.5511977-04:00,0,9.7,3
2026-07-27T00:00:18.5542426-04:00,0,9.7,3
2026-07-27T00:00:18.5571271-04:00,0,9.7,3
2026-07-27T00:00:18.5601224-04:00,0,9.7,3
2026-07-27T00:00:18.5629930-04:00,0,9.7,3
2026-07-27T00:00:18.5658818-04:00,0,9.7,3
2026-07-27T00:00:18.5688129-04:00,0,9.7,3
2026-07-27T00:00:18.5724134-04:00,0,9.7,3
2026-07-27T00:00:18.5753535-04:00,0,9.7,3
2026-07-27T00:00:18.5782401-04:00,0,9.7,3
2026-07-27T00:00:18.5810731-04:00,0,9.7,3
2026-07-27T00:00:18.5838997-04:00,0,9.7,3
2026-07-27T00:00:18.5867837-04:00,0,9.7,3
2026-07-27T00:00:18.5897546-04:00,0,9.7,3
2026-07-27T00:00:18.5926749-04:00,0,9.7,3
2026-07-27T00:00:18.5958314-04:00,0,9.7,3
2026-07-27T00:00:18.5987973-04:00,0,9.7,3
2026-07-27T00:00:18.6016898-04:00,0,9.7,3
2026-07-27T00:00:18.6045818-04:00,0,9.7,3
2026-07-27T00:00:18.6074972-04:00,0,9.7,3
2026-07-27T00:00:18.6105834-04:00,0,9.7,3
2026-07-27T00:00:18.6134661-04:00,0,9.7,3
2026-07-27T00:00:18.6164899-04:00,0,9.7,3
2026-07-27T00:00:18.6194510-04:00,0,9.7,3
2026-07-27T00:00:18.6223392-04:00,0,9.7,3
2026-07-27T00:00:18.6253316-04:00,0,9.7,3
2026-07-27T00:00:18.6285321-04:00,0,9.7,3
2026-07-27T00:00:18.6315604-04:00,0,9.7,3
2026-07-27T00:00:18.6346170-04:00,0,9.7,3
2026-07-27T00:00:18.6383870-04:00,0,9.7,3
2026-07-27T00:00:18.6414830-04:00,0,9.7,3
2026-07-27T00:00:18.6448640-04:00,0,9.7,3
2026-07-27T00:00:18.6481564-04:00,0,9.7,3
2026-07-27T00:00:18.6512059-04:00,0,9.7,3
2026-07-27T00:00:18.6544734-04:00,0,9.7,3
2026-07-27T00:00:18.6576385-04:00,0,9.7,3
2026-07-27T00:00:18.6608241-04:00,0,9.7,3
2026-07-27T00:00:18.6638241-04:00,0,9.7,3
2026-07-27T00:00:18.6669921-04:00,0,9.7,3
2026-07-27T00:00:18.6699524-04:00,0,9.7,3
2026-07-27T00:00:18.6728886-04:00,0,9.7,3
2026-07-27T00:00:18.6758332-04:00,0,9.7,3
2026-07-27T00:00:18.6788679-04:00,0,9.7,3
2026-07-27T00:00:18.6819114-04:00,0,9.7,3
2026-07-27T00:00:18.6848143-04:00,0,9.7,3
2026-07-27T00:00:18.6876528-04:00,0,9.7,3
2026-07-27T00:00:18.6906531-04:00,0,9.7,3
2026-07-27T00:00:18.6937184-04:00,0,9.7,3
2026-07-27T00:00:18.6967262-04:00,0,9.7,3
2026-07-27T00:00:18.6997746-04:00,0,9.7,3
2026-07-27T00:00:18.7027272-04:00,0,9.7,3
2026-07-27T00:00:18.7056848-04:00,0,9.7,3
2026-07-27T00:00:18.7096216-04:00,0,9.7,3
2026-07-27T00:00:18.7126736-04:00,0,9.7,3
2026-07-27T00:00:18.7156699-04:00,0,9.7,3
2026-07-27T00:00:18.7185412-04:00,0,9.7,3
2026-07-27T00:00:18.7216023-04:00,0,9.7,3
2026-07-27T00:00:18.7244836-04:00,0,9.7,3
2026-07-27T00:00:18.7274081-04:00,0,9.7,3
2026-07-27T00:00:18.7303710-04:00,0,9.7,3
2026-07-27T00:00:18.7332610-04:00,0,9.7,3
2026-07-27T00:00:18.7361508-04:00,0,9.7,3
2026-07-27T00:00:18.7392203-04:00,0,9.7,3
2026-07-27T00:00:18.7422452-04:00,0,9.7,3
2026-07-27T00:00:18.7451374-04:00,0,9.7,3
2026-07-27T00:00:18.7480404-04:00,0,9.7,3
2026-07-27T00:00:18.7509319-04:00,0,9.7,3
2026-07-27T00:00:18.7538083-04:00,0,9.7,3
2026-07-27T00:00:18.7567643-04:00,0,9.7,3
2026-07-27T00:00:18.7597142-04:00,0,9.7,3
2026-07-27T00:00:18.7625691-04:00,0,9.7,3
2026-07-27T00:00:18.7655218-04:00,0,9.7,3
2026-07-27T00:00:18.7683563-04:00,0,9.7,3
2026-07-27T00:00:18.7715346-04:00,0,9.7,3
2026-07-27T00:00:18.7748880-04:00,0,9.7,3
2026-07-27T00:00:18.7783751-04:00,0,9.7,3
2026-07-27T00:00:18.7815151-04:00,0,9.7,3
2026-07-27T00:00:18.7844046-04:00,0,9.7,3
2026-07-27T00:00:18.7872724-04:00,0,9.7,3
2026-07-27T00:00:18.7901348-04:00,0,9.7,3
2026-07-27T00:00:18.7929847-04:00,0,9.7,3
2026-07-27T00:00:18.7959895-04:00,0,9.7,3
2026-07-27T00:00:18.7988772-04:00,0,9.7,3
2026-07-27T00:00:18.8018035-04:00,0,9.7,3
2026-07-27T00:00:18.8047655-04:00,0,9.7,3
2026-07-27T00:00:18.8078546-04:00,0,9.7,3
2026-07-27T00:00:18.8108570-04:00,0,9.7,3
2026-07-27T00:00:18.8137858-04:00,0,9.7,3
2026-07-27T00:00:18.8166154-04:00,0,9.7,3
2026-07-27T00:00:18.8194779-04:00,0,9.7,3
2026-07-27T00:00:18.8222728-04:00,0,9.7,3
2026-07-27T00:00:18.8251383-04:00,0,9.7,3
2026-07-27T00:00:18.8279618-04:00,0,9.7,3
2026-07-27T00:00:18.8309205-04:00,0,9.7,3
2026-07-27T00:00:18.8338089-04:00,0,9.7,3
2026-07-27T00:00:18.8367183-04:00,0,9.7,3
2026-07-27T00:00:18.8397736-04:00,0,9.7,3
2026-07-27T00:00:18.8432490-04:00,0,9.7,3
2026-07-27T00:00:18.8463222-04:00,0,9.7,3
2026-07-27T00:00:18.8493838-04:00,0,9.7,3
2026-07-27T00:00:18.8522761-04:00,0,9.7,3
2026-07-27T00:00:18.8552471-04:00,0,9.7,3
2026-07-27T00:00:18.8580469-04:00,0,9.7,3
2026-07-27T00:00:18.8608921-04:00,0,9.7,3
2026-07-27T00:00:18.8636861-04:00,0,9.7,3
2026-07-27T00:00:18.8665603-04:00,0,9.7,3
2026-07-27T00:00:18.8695164-04:00,0,9.7,3
2026-07-27T00:00:18.8724744-04:00,0,9.7,3
2026-07-27T00:00:18.8753308-04:00,0,9.7,3
2026-07-27T00:00:18.8782365-04:00,0,9.7,3
2026-07-27T00:00:18.8813981-04:00,0,9.7,3
2026-07-27T00:00:18.8843757-04:00,0,9.7,3
2026-07-27T00:00:18.8872601-04:00,0,9.7,3
2026-07-27T00:00:18.8900974-04:00,0,9.7,3
2026-07-27T00:00:18.8929276-04:00,0,9.7,3
2026-07-27T00:00:18.8957291-04:00,0,9.7,3
2026-07-27T00:00:18.8986867-04:00,0,9.7,3
2026-07-27T00:00:18.9015947-04:00,0,9.7,3
2026-07-27T00:00:18.9043711-04:00,0,9.7,3
2026-07-27T00:00:18.9071194-04:00,0,9.7,3
2026-07-27T00:00:18.9109205-04:00,0,9.7,3
2026-07-27T00:00:18.9141892-04:00,0,9.7,3
2026-07-27T00:00:18.9170810-04:00,0,9.7,3
2026-07-27T00:00:18.9198864-04:00,0,9.7,3
2026-07-27T00:00:18.9227011-04:00,0,9.7,3
2026-07-27T00:00:18.9254272-04:00,0,9.7,3
2026-07-27T00:00:18.9282697-04:00,0,9.7,3
2026-07-27T00:00:18.9315136-04:00,0,9.7,3
2026-07-27T00:00:18.9347965-04:00,0,9.7,3
2026-07-27T00:00:18.9378583-04:00,0,9.7,3
2026-07-27T00:00:18.9407810-04:00,0,9.7,3
2026-07-27T00:00:18.9438567-04:00,0,9.7,3
2026-07-27T00:00:18.9479559-04:00,0,9.7,3
2026-07-27T00:00:18.9510618-04:00,0,9.7,3
2026-07-27T00:00:18.9541949-04:00,0,9.7,3
2026-07-27T00:00:18.9572835-04:00,0,9.7,3
2026-07-27T00:00:18.9602854-04:00,0,9.7,3
2026-07-27T00:00:18.9633221-04:00,0,9.7,3
2026-07-27T00:00:18.9663017-04:00,0,9.7,3
2026-07-27T00:00:18.9691867-04:00,0,9.7,3
2026-07-27T00:00:18.9720742-04:00,0,9.7,3
2026-07-27T00:00:18.9751521-04:00,0,9.7,3
2026-07-27T00:00:18.9780791-04:00,0,9.7,3
2026-07-27T00:00:18.9815673-04:00,0,9.7,3
2026-07-27T00:00:18.9845955-04:00,0,9.7,3
2026-07-27T00:00:18.9874730-04:00,0,9.7,3
2026-07-27T00:00:18.9903856-04:00,0,9.7,3
2026-07-27T00:00:18.9935653-04:00,0,9.7,3
2026-07-27T00:00:18.9968210-04:00,0,9.7,3
2026-07-27T00:00:19.0005070-04:00,0,9.7,3
2026-07-27T00:00:19.0038352-04:00,0,9.8,3.1
2026-07-27T00:00:19.0070919-04:00,0,9.8,3.1
2026-07-27T00:00:19.0103920-04:00,0,9.8,3.1
2026-07-27T00:00:19.0138529-04:00,0,9.8,3.1
2026-07-27T00:00:19.0171924-04:00,0,9.8,3.1
2026-07-27T00:00:19.0205274-04:00,0,9.8,3.1
2026-07-27T00:00:19.0236181-04:00,0,9.8,3.1
2026-07-27T00:00:19.0270287-04:00,0,9.8,3.1
2026-07-27T00:00:19.0300714-04:00,0,9.8,3.1
2026-07-27T00:00:19.0330066-04:00,0,9.8,3.1
2026-07-27T00:00:19.0362273-04:00,0,9.8,3.1
2026-07-27T00:00:19.0393452-04:00,0,9.8,3.1
2026-07-27T00:00:19.0427290-04:00,0,9.8,3.1
2026-07-27T00:00:19.0457842-04:00,0,9.8,3.1
2026-07-27T00:00:19.0488615-04:00,0,9.8,3.1
2026-07-27T00:00:19.0520084-04:00,0,9.8,3.1
2026-07-27T00:00:19.0556109-04:00,0,9.8,3.1
2026-07-27T00:00:19.0589768-04:00,0,9.8,3.1
2026-07-27T00:00:19.0620277-04:00,0,9.8,3.1
2026-07-27T00:00:19.0649765-04:00,0,9.8,3.1
2026-07-27T00:00:19.0679089-04:00,0,9.8,3.1
2026-07-27T00:00:19.0708093-04:00,0,9.8,3.1
2026-07-27T00:00:19.0738070-04:00,0,9.8,3.1
2026-07-27T00:00:19.0768415-04:00,0,9.8,3.1
2026-07-27T00:00:19.0797995-04:00,0,9.8,3.1
2026-07-27T00:00:19.0826830-04:00,0,9.8,3.1
2026-07-27T00:00:19.0855500-04:00,0,9.8,3.1
2026-07-27T00:00:19.0884022-04:00,0,9.8,3.1
2026-07-27T00:00:19.0911888-04:00,0,9.8,3.1
2026-07-27T00:00:19.0941285-04:00,0,9.8,3.1
2026-07-27T00:00:19.0971790-04:00,0,9.8,3.1
2026-07-27T00:00:19.1002532-04:00,0,9.8,3.1
2026-07-27T00:00:19.1034514-04:00,0,9.8,3.1
2026-07-27T00:00:19.1065058-04:00,0,9.8,3.1
2026-07-27T00:00:19.1094981-04:00,0,9.8,3.1
2026-07-27T00:00:19.1125828-04:00,0,9.8,3.1
2026-07-27T00:00:19.1155132-04:00,0,9.8,3.1
2026-07-27T00:00:19.1184282-04:00,0,9.8,3.1
2026-07-27T00:00:19.1220531-04:00,0,9.8,3.1
2026-07-27T00:00:19.1251729-04:00,0,9.8,3.1
2026-07-27T00:00:19.1281723-04:00,0,9.8,3.1
2026-07-27T00:00:19.1311289-04:00,0,9.8,3.1
2026-07-27T00:00:19.1340736-04:00,0,9.8,3.1
2026-07-27T00:00:19.1370530-04:00,0,9.8,3.1
2026-07-27T00:00:19.1400168-04:00,0,9.8,3.1
2026-07-27T00:00:19.1429377-04:00,0,9.8,3.1
2026-07-27T00:00:19.1458347-04:00,0,9.8,3.1
2026-07-27T00:00:19.1487830-04:00,0,9.8,3.1
2026-07-27T00:00:19.1517028-04:00,0,9.8,3.1
2026-07-27T00:00:19.1545979-04:00,0,9.8,3.1
2026-07-27T00:00:19.1574327-04:00,0,9.8,3.1
2026-07-27T00:00:19.1602923-04:00,0,9.8,3.1
2026-07-27T00:00:19.1632212-04:00,0,9.8,3.1
2026-07-27T00:00:19.1663267-04:00,0,9.8,3.1
2026-07-27T00:00:19.1695029-04:00,0,9.8,3.1
2026-07-27T00:00:19.1726906-04:00,0,9.8,3.1
2026-07-27T00:00:19.1757579-04:00,0,9.8,3.1
2026-07-27T00:00:19.1786847-04:00,0,9.8,3.1
2026-07-27T00:00:19.1817921-04:00,0,9.8,3.1
2026-07-27T00:00:19.1847389-04:00,0,9.8,3.1
2026-07-27T00:00:19.1877728-04:00,0,9.8,3.1
2026-07-27T00:00:19.1914005-04:00,0,9.8,3.1
2026-07-27T00:00:19.1944621-04:00,0,9.8,3.1
2026-07-27T00:00:19.1975115-04:00,0,9.8,3.1
2026-07-27T00:00:19.2004430-04:00,0,9.8,3.1
2026-07-27T00:00:19.2033745-04:00,0,9.8,3.1
2026-07-27T00:00:19.2061788-04:00,0,9.8,3.1
2026-07-27T00:00:19.2091818-04:00,0,9.8,3.1
2026-07-27T00:00:19.2121317-04:00,0,9.8,3.1
2026-07-27T00:00:19.2151163-04:00,0,9.8,3.1
2026-07-27T00:00:19.2179861-04:00,0,9.8,3.1
2026-07-27T00:00:19.2207795-04:00,0,9.8,3.1
2026-07-27T00:00:19.2235695-04:00,0,9.8,3.1
2026-07-27T00:00:19.2264009-04:00,0,9.8,3.1
2026-07-27T00:00:19.2293167-04:00,0,9.8,3.1
2026-07-27T00:00:19.2323389-04:00,0,9.8,3.1
2026-07-27T00:00:19.2352003-04:00,0,9.8,3.1
2026-07-27T00:00:19.2380254-04:00,0,9.8,3.1
2026-07-27T00:00:19.2408577-04:00,0,9.8,3.1
2026-07-27T00:00:19.2437121-04:00,0,9.8,3.1
2026-07-27T00:00:19.2465506-04:00,0,9.8,3.1
2026-07-27T00:00:19.2494076-04:00,0,9.8,3.1
2026-07-27T00:00:19.2522316-04:00,0,9.8,3.1
2026-07-27T00:00:19.2550603-04:00,0,9.8,3.1
2026-07-27T00:00:19.2584761-04:00,0,9.8,3.1
2026-07-27T00:00:19.2615678-04:00,0,9.8,3.1
2026-07-27T00:00:19.2646525-04:00,0,9.8,3.1
2026-07-27T00:00:19.2677321-04:00,0,9.8,3.1
2026-07-27T00:00:19.2706361-04:00,0,9.8,3.1
2026-07-27T00:00:19.2734786-04:00,0,9.8,3.1
2026-07-27T00:00:19.2763761-04:00,0,9.8,3.1
2026-07-27T00:00:19.2793806-04:00,0,9.8,3.1
2026-07-27T00:00:19.2823452-04:00,0,9.8,3.1
2026-07-27T00:00:19.2851875-04:00,0,9.8,3.1
2026-07-27T00:00:19.2880639-04:00,0,9.8,3.1
2026-07-27T00:00:19.2909562-04:00,0,9.8,3.1
2026-07-27T00:00:19.2941268-04:00,0,9.8,3.1
2026-07-27T00:00:19.2972785-04:00,0,9.8,3.1
2026-07-27T00:00:19.3001447-04:00,0,9.8,3.1
2026-07-27T00:00:19.3029926-04:00,0,9.8,3.1
2026-07-27T00:00:19.3058329-04:00,0,9.8,3.1
2026-07-27T00:00:19.3086216-04:00,0,9.8,3.1
2026-07-27T00:00:19.3116876-04:00,0,9.8,3.1
2026-07-27T00:00:19.3145446-04:00,0,9.8,3.1
2026-07-27T00:00:19.3173823-04:00,0,9.8,3.1
2026-07-27T00:00:19.3202452-04:00,0,9.8,3.1
2026-07-27T00:00:19.3232980-04:00,0,9.8,3.1
2026-07-27T00:00:19.3270607-04:00,0,9.8,3.1
2026-07-27T00:00:19.3301197-04:00,0,9.8,3.1
2026-07-27T00:00:19.3330935-04:00,0,9.8,3.1
2026-07-27T00:00:19.3360067-04:00,0,9.8,3.1
2026-07-27T00:00:19.3389177-04:00,0,9.8,3.1
2026-07-27T00:00:19.3421145-04:00,0,9.8,3.1
2026-07-27T00:00:19.3450183-04:00,0,9.8,3.1
2026-07-27T00:00:19.3479457-04:00,0,9.8,3.1
2026-07-27T00:00:19.3509070-04:00,0,9.8,3.1
2026-07-27T00:00:19.3537685-04:00,0,9.8,3.1
2026-07-27T00:00:19.3567007-04:00,0,9.8,3.1
2026-07-27T00:00:19.3597969-04:00,0,9.8,3.1
2026-07-27T00:00:19.3627435-04:00,0,9.8,3.1
2026-07-27T00:00:19.3656737-04:00,0,9.8,3.1
2026-07-27T00:00:19.3685252-04:00,0,9.8,3.1
2026-07-27T00:00:19.3715476-04:00,0,9.8,3.1
2026-07-27T00:00:19.3745180-04:00,0,9.8,3.1
2026-07-27T00:00:19.3774925-04:00,0,9.8,3.1
2026-07-27T00:00:19.3804680-04:00,0,9.8,3.1
2026-07-27T00:00:19.3833574-04:00,0,9.8,3.1
2026-07-27T00:00:19.3861637-04:00,0,9.8,3.1
2026-07-27T00:00:19.3890808-04:00,0,9.8,3.1
2026-07-27T00:00:19.3927285-04:00,0,9.8,3.1
2026-07-27T00:00:19.3958143-04:00,0,9.8,3.1
2026-07-27T00:00:19.3987719-04:00,0,9.8,3.1
2026-07-27T00:00:19.4016709-04:00,0,9.8,3.1
2026-07-27T00:00:19.4045637-04:00,0,9.8,3.1
2026-07-27T00:00:19.4074876-04:00,0,9.8,3.1
2026-07-27T00:00:19.4103564-04:00,0,9.8,3.1
2026-07-27T00:00:19.4132094-04:00,0,9.8,3.1
2026-07-27T00:00:19.4160088-04:00,0,9.8,3.1
2026-07-27T00:00:19.4189385-04:00,0,9.8,3.1
2026-07-27T00:00:19.4221574-04:00,0,9.8,3.1
2026-07-27T00:00:19.4251688-04:00,0,9.8,3.1
2026-07-27T00:00:19.4280612-04:00,0,9.8,3.1
2026-07-27T00:00:19.4309596-04:00,0,9.8,3.1
2026-07-27T00:00:19.4338974-04:00,0,9.8,3.1
2026-07-27T00:00:19.4377750-04:00,0,9.8,3.1
2026-07-27T00:00:19.4410720-04:00,0,9.8,3.1
2026-07-27T00:00:19.4441496-04:00,0,9.8,3.1
2026-07-27T00:00:19.4473337-04:00,0,9.8,3.1
2026-07-27T00:00:19.4502400-04:00,0,9.8,3.1
2026-07-27T00:00:19.4532620-04:00,0,9.8,3.1
2026-07-27T00:00:19.4561844-04:00,0,9.8,3.1
2026-07-27T00:00:19.4590709-04:00,0,9.8,3.1
2026-07-27T00:00:19.4625768-04:00,0,9.8,3.1
2026-07-27T00:00:19.4655759-04:00,0,9.8,3.1
2026-07-27T00:00:19.4684616-04:00,0,9.8,3.1
2026-07-27T00:00:19.4713336-04:00,0,9.8,3.1
2026-07-27T00:00:19.4741601-04:00,0,9.8,3.1
2026-07-27T00:00:19.4772390-04:00,0,9.8,3.1
2026-07-27T00:00:19.4800775-04:00,0,9.8,3.1
2026-07-27T00:00:19.4830037-04:00,0,9.8,3.1
2026-07-27T00:00:19.4858973-04:00,0,9.8,3.1
2026-07-27T00:00:19.4889834-04:00,0,9.8,3.1
2026-07-27T00:00:19.4919248-04:00,0,9.8,3.1
2026-07-27T00:00:19.4950112-04:00,0,9.8,3.1
2026-07-27T00:00:19.4981659-04:00,0,9.8,3.1
2026-07-27T00:00:19.5013106-04:00,0,9.8,3.1
2026-07-27T00:00:19.5042104-04:00,0,9.8,3.1
2026-07-27T00:00:19.5071118-04:00,0,9.8,3.1
2026-07-27T00:00:19.5101475-04:00,0,9.8,3.1
2026-07-27T00:00:19.5131191-04:00,0,9.8,3.1
2026-07-27T00:00:19.5160074-04:00,0,9.8,3.1
2026-07-27T00:00:19.5190950-04:00,0,9.8,3.1
2026-07-27T00:00:19.5220708-04:00,0,9.8,3.1
2026-07-27T00:00:19.5249908-04:00,0,9.8,3.1
2026-07-27T00:00:19.5278901-04:00,0,9.8,3.1
2026-07-27T00:00:19.5313526-04:00,0,9.8,3.1
2026-07-27T00:00:19.5342753-04:00,0,9.8,3.1
2026-07-27T00:00:19.5372313-04:00,0,9.8,3.1
2026-07-27T00:00:19.5400343-04:00,0,9.8,3.1
2026-07-27T00:00:19.5428390-04:00,0,9.8,3.1
2026-07-27T00:00:19.5458325-04:00,0,9.8,3.1
2026-07-27T00:00:19.5487852-04:00,0,9.8,3.1
2026-07-27T00:00:19.5517346-04:00,0,9.8,3.1
2026-07-27T00:00:19.5546490-04:00,0,9.8,3.1
2026-07-27T00:00:19.5576669-04:00,0,9.8,3.1
2026-07-27T00:00:19.5605972-04:00,0,9.8,3.1
2026-07-27T00:00:19.5636545-04:00,0,9.8,3.1
2026-07-27T00:00:19.5665030-04:00,0,9.8,3.1
2026-07-27T00:00:19.5693255-04:00,0,9.8,3.1
2026-07-27T00:00:19.5721152-04:00,0,9.8,3.1
2026-07-27T00:00:19.5749763-04:00,0,9.8,3.1
2026-07-27T00:00:19.5778313-04:00,0,9.8,3.1
2026-07-27T00:00:19.5806413-04:00,0,9.8,3.1
2026-07-27T00:00:19.5836469-04:00,0,9.8,3.1
2026-07-27T00:00:19.5865477-04:00,0,9.8,3.1
2026-07-27T00:00:19.5895369-04:00,0,9.8,3.1
2026-07-27T00:00:19.5924709-04:00,0,9.8,3.1
2026-07-27T00:00:19.5954498-04:00,0,9.8,3.1
2026-07-27T00:00:19.5990877-04:00,0,9.8,3.1
2026-07-27T00:00:19.6019523-04:00,0,9.8,3.1
2026-07-27T00:00:19.6048482-04:00,0,9.8,3.1
2026-07-27T00:00:19.6076820-04:00,0,9.8,3.1
2026-07-27T00:00:19.6108523-04:00,0,9.8,3.1
2026-07-27T00:00:19.6137669-04:00,0,9.8,3.1
2026-07-27T00:00:19.6167055-04:00,0,9.8,3.1
2026-07-27T00:00:19.6196116-04:00,0,9.8,3.1
2026-07-27T00:00:19.6224808-04:00,0,9.8,3.1
2026-07-27T00:00:19.6256319-04:00,0,9.8,3.1
2026-07-27T00:00:19.6286157-04:00,0,9.8,3.1
2026-07-27T00:00:19.6317454-04:00,0,9.8,3.1
2026-07-27T00:00:19.6347544-04:00,0,9.8,3.1
2026-07-27T00:00:19.6378396-04:00,0,9.8,3.1
2026-07-27T00:00:19.6411226-04:00,0,9.8,3.1
2026-07-27T00:00:19.6450955-04:00,0,9.8,3.1
2026-07-27T00:00:19.6489318-04:00,0,9.8,3.1
2026-07-27T00:00:19.6521432-04:00,0,9.8,3.1
2026-07-27T00:00:19.6554814-04:00,0,9.8,3.1
2026-07-27T00:00:19.6589279-04:00,0,9.8,3.1
2026-07-27T00:00:19.6621834-04:00,0,9.8,3.1
2026-07-27T00:00:19.6654560-04:00,0,9.8,3.1
2026-07-27T00:00:19.6693824-04:00,0,9.8,3.1
2026-07-27T00:00:19.6727457-04:00,0,9.8,3.1
2026-07-27T00:00:19.6766690-04:00,0,9.8,3.1
2026-07-27T00:00:19.6803424-04:00,0,9.7,3
2026-07-27T00:00:19.6835625-04:00,0,9.7,3
2026-07-27T00:00:19.6870262-04:00,0,9.7,3
2026-07-27T00:00:19.6904697-04:00,0,9.7,3
2026-07-27T00:00:19.6937030-04:00,0,9.7,3
2026-07-27T00:00:19.6969225-04:00,0,9.7,3
2026-07-27T00:00:19.7000164-04:00,0,9.7,3
2026-07-27T00:00:19.7030491-04:00,0,9.7,3
2026-07-27T00:00:19.7064449-04:00,0,9.7,3
2026-07-27T00:00:19.7101153-04:00,0,9.7,3
2026-07-27T00:00:19.7137673-04:00,0,9.7,3
2026-07-27T00:00:19.7175374-04:00,0,9.7,3
2026-07-27T00:00:19.7213965-04:00,0,9.7,3
2026-07-27T00:00:19.7248457-04:00,0,9.7,3
2026-07-27T00:00:19.7281822-04:00,0,9.7,3
2026-07-27T00:00:19.7314806-04:00,0,9.7,3
2026-07-27T00:00:19.7349296-04:00,0,9.7,3
2026-07-27T00:00:19.7381998-04:00,0,9.7,3
2026-07-27T00:00:19.7414889-04:00,0,9.7,3
2026-07-27T00:00:19.7447173-04:00,0,9.7,3
2026-07-27T00:00:19.7486231-04:00,0,9.7,3
2026-07-27T00:00:19.7521735-04:00,0,9.7,3
2026-07-27T00:00:19.7554972-04:00,0,9.7,3
2026-07-27T00:00:19.7587332-04:00,0,9.7,3
2026-07-27T00:00:19.7619659-04:00,0,9.7,3
2026-07-27T00:00:19.7651723-04:00,0,9.7,3
2026-07-27T00:00:19.7685654-04:00,0,9.7,3
2026-07-27T00:00:19.7718430-04:00,0,9.7,3
2026-07-27T00:00:19.7752978-04:00,0,9.7,3
2026-07-27T00:00:19.7787062-04:00,0,9.7,3
2026-07-27T00:00:19.7820814-04:00,0,9.7,3
2026-07-27T00:00:19.7859758-04:00,0,9.7,3
2026-07-27T00:00:19.7893711-04:00,0,9.7,3
2026-07-27T00:00:19.7926385-04:00,0,9.7,3
2026-07-27T00:00:19.7959010-04:00,0,9.7,3
2026-07-27T00:00:19.7993146-04:00,0,9.7,3
2026-07-27T00:00:19.8028461-04:00,0,9.7,3
2026-07-27T00:00:19.8063153-04:00,0,9.7,3
2026-07-27T00:00:19.8097108-04:00,0,9.7,3
2026-07-27T00:00:19.8132269-04:00,0,9.7,3
2026-07-27T00:00:19.8166359-04:00,0,9.7,3
2026-07-27T00:00:19.8197442-04:00,0,9.7,3
2026-07-27T00:00:19.8232384-04:00,0,9.7,3
2026-07-27T00:00:19.8262966-04:00,0,9.7,3
2026-07-27T00:00:19.8293190-04:00,0,9.7,3
2026-07-27T00:00:19.8331776-04:00,0,9.7,3
2026-07-27T00:00:19.8365109-04:00,0,9.7,3
2026-07-27T00:00:19.8397871-04:00,0,9.7,3
2026-07-27T00:00:19.8428238-04:00,0,9.7,3
2026-07-27T00:00:19.8458095-04:00,0,9.7,3
2026-07-27T00:00:19.8489425-04:00,0,9.7,3
2026-07-27T00:00:19.8519091-04:00,0,9.7,3
2026-07-27T00:00:19.8551497-04:00,0,9.7,3
2026-07-27T00:00:19.8580541-04:00,0,9.7,3
2026-07-27T00:00:19.8611195-04:00,0,9.7,3
2026-07-27T00:00:19.8642284-04:00,0,9.7,3
2026-07-27T00:00:19.8672399-04:00,0,9.7,3
2026-07-27T00:00:19.8701418-04:00,0,9.7,3
2026-07-27T00:00:19.8730489-04:00,0,9.7,3
2026-07-27T00:00:19.8759402-04:00,0,9.7,3
2026-07-27T00:00:19.8790032-04:00,0,9.7,3
2026-07-27T00:00:19.8821066-04:00,0,9.7,3
2026-07-27T00:00:19.8850704-04:00,0,9.7,3
2026-07-27T00:00:19.8878481-04:00,0,9.7,3
2026-07-27T00:00:19.8906936-04:00,0,9.7,3
2026-07-27T00:00:19.8942266-04:00,0,9.7,3
2026-07-27T00:00:19.8973291-04:00,0,9.7,3
2026-07-27T00:00:19.9002029-04:00,0,9.7,3
2026-07-27T00:00:19.9030104-04:00,0,9.7,3
2026-07-27T00:00:19.9061099-04:00,0,9.7,3
2026-07-27T00:00:19.9092681-04:00,0,9.7,3
2026-07-27T00:00:19.9122641-04:00,0,9.7,3
2026-07-27T00:00:19.9152889-04:00,0,9.7,3
2026-07-27T00:00:19.9183847-04:00,0,9.7,3
2026-07-27T00:00:19.9215605-04:00,0,9.7,3
2026-07-27T00:00:19.9248227-04:00,0,9.7,3
2026-07-27T00:00:19.9284126-04:00,0,9.7,3
2026-07-27T00:00:19.9316671-04:00,0,9.7,3
2026-07-27T00:00:19.9346263-04:00,0,9.7,3
2026-07-27T00:00:19.9375200-04:00,0,9.7,3
2026-07-27T00:00:19.9405926-04:00,0,9.7,3
2026-07-27T00:00:19.9439823-04:00,0,9.7,3
2026-07-27T00:00:19.9469520-04:00,0,9.7,3
2026-07-27T00:00:19.9500864-04:00,0,9.7,3
2026-07-27T00:00:19.9529200-04:00,0,9.7,3
2026-07-27T00:00:19.9560926-04:00,0,9.7,3
2026-07-27T00:00:19.9595749-04:00,0,9.7,3
2026-07-27T00:00:19.9628418-04:00,0,9.7,3
2026-07-27T00:00:19.9666550-04:00,0,9.7,3
2026-07-27T00:00:19.9697279-04:00,0,9.7,3
2026-07-27T00:00:19.9729024-04:00,0,9.7,3
2026-07-27T00:00:19.9760381-04:00,0,9.7,3
2026-07-27T00:00:19.9791233-04:00,0,9.7,3
2026-07-27T00:00:19.9819657-04:00,0,9.7,3
2026-07-27T00:00:19.9850587-04:00,0,9.7,3
2026-07-27T00:00:19.9882497-04:00,0,9.7,3
2026-07-27T00:00:19.9913470-04:00,0,9.7,3
2026-07-27T00:00:19.9941939-04:00,0,9.7,3
2026-07-27T00:00:19.9971530-04:00,0,9.7,3
2026-07-27T00:00:19.9999798-04:00,0,9.7,3
2026-07-27T00:00:20.0027634-04:00,0,9.7,3
2026-07-27T00:00:20.0064043-04:00,0,9.7,3
2026-07-27T00:00:20.0097942-04:00,0,9.7,3
2026-07-27T00:00:20.0130649-04:00,0,9.7,3
2026-07-27T00:00:20.0159869-04:00,0,9.7,3
2026-07-27T00:00:20.0189602-04:00,0,9.7,3
2026-07-27T00:00:20.0218967-04:00,0,9.7,3
2026-07-27T00:00:20.0248244-04:00,0,9.7,3
2026-07-27T00:00:20.0277144-04:00,0,9.7,3
2026-07-27T00:00:20.0305640-04:00,0,9.7,3
2026-07-27T00:00:20.0334904-04:00,0,9.7,3
2026-07-27T00:00:20.0369710-04:00,0,9.7,3
2026-07-27T00:00:20.0399989-04:00,0,9.7,3
2026-07-27T00:00:20.0428929-04:00,0,9.7,3
2026-07-27T00:00:20.0457631-04:00,0,9.7,3
2026-07-27T00:00:20.0486283-04:00,0,9.7,3
2026-07-27T00:00:20.0516705-04:00,0,9.7,3
2026-07-27T00:00:20.0548512-04:00,0,9.7,3
2026-07-27T00:00:20.0580543-04:00,0,9.7,3
2026-07-27T00:00:20.0608944-04:00,0,9.7,3
2026-07-27T00:00:20.0637492-04:00,0,9.7,3
2026-07-27T00:00:20.0665602-04:00,0,9.7,3
2026-07-27T00:00:20.0695267-04:00,0,9.7,3
2026-07-27T00:00:20.0725274-04:00,0,9.7,3
2026-07-27T00:00:20.0754910-04:00,0,9.7,3
2026-07-27T00:00:20.0784181-04:00,0,9.7,3
2026-07-27T00:00:20.0814229-04:00,0,9.7,3
2026-07-27T00:00:20.0845654-04:00,0,9.7,3
2026-07-27T00:00:20.0874260-04:00,0,9.7,3
2026-07-27T00:00:20.0902541-04:00,0,9.7,3
2026-07-27T00:00:20.0932057-04:00,0,9.7,3
2026-07-27T00:00:20.0963618-04:00,0,9.7,3
2026-07-27T00:00:20.0998218-04:00,0,9.7,3
2026-07-27T00:00:20.1034153-04:00,0,9.7,3
2026-07-27T00:00:20.1064187-04:00,0,9.7,3
2026-07-27T00:00:20.1094299-04:00,0,9.7,3
2026-07-27T00:00:20.1123796-04:00,0,9.7,3
2026-07-27T00:00:20.1155363-04:00,0,9.7,3
2026-07-27T00:00:20.1187324-04:00,0,9.7,3
2026-07-27T00:00:20.1215967-04:00,0,9.7,3
2026-07-27T00:00:20.1244283-04:00,0,9.7,3
2026-07-27T00:00:20.1271608-04:00,0,9.7,3
2026-07-27T00:00:20.1299944-04:00,0,9.7,3
2026-07-27T00:00:20.1328023-04:00,0,9.7,3
2026-07-27T00:00:20.1356691-04:00,0,9.7,3
2026-07-27T00:00:20.1385610-04:00,0,9.7,3
2026-07-27T00:00:20.1415127-04:00,0,9.7,3
2026-07-27T00:00:20.1445849-04:00,0,9.7,3
2026-07-27T00:00:20.1477153-04:00,0,9.7,3
2026-07-27T00:00:20.1512912-04:00,0,9.7,3
2026-07-27T00:00:20.1541847-04:00,0,9.7,3
2026-07-27T00:00:20.1570128-04:00,0,9.7,3
2026-07-27T00:00:20.1599969-04:00,0,9.7,3
2026-07-27T00:00:20.1631214-04:00,0,9.7,3
2026-07-27T00:00:20.1661503-04:00,0,9.7,3
2026-07-27T00:00:20.1690684-04:00,0,9.7,3
2026-07-27T00:00:20.1727409-04:00,0,9.7,3
2026-07-27T00:00:20.1758655-04:00,0,9.7,3
2026-07-27T00:00:20.1787348-04:00,0,9.7,3
2026-07-27T00:00:20.1815156-04:00,0,9.7,3
2026-07-27T00:00:20.1844419-04:00,0,9.7,3
2026-07-27T00:00:20.1872957-04:00,0,9.7,3
2026-07-27T00:00:20.1902204-04:00,0,9.7,3
2026-07-27T00:00:20.1931466-04:00,0,9.7,3
2026-07-27T00:00:20.1960992-04:00,0,9.7,3
2026-07-27T00:00:20.1990568-04:00,0,9.7,3
2026-07-27T00:00:20.2020108-04:00,0,9.7,3
2026-07-27T00:00:20.2052285-04:00,0,9.7,3
2026-07-27T00:00:20.2082998-04:00,0,9.7,3
2026-07-27T00:00:20.2112616-04:00,0,9.7,3
2026-07-27T00:00:20.2141230-04:00,0,9.7,3
2026-07-27T00:00:20.2169180-04:00,0,9.7,3
2026-07-27T00:00:20.2198418-04:00,0,9.7,3
2026-07-27T00:00:20.2227207-04:00,0,9.7,3
2026-07-27T00:00:20.2255192-04:00,0,9.7,3
2026-07-27T00:00:20.2285322-04:00,0,9.7,3
2026-07-27T00:00:20.2315666-04:00,0,9.7,3
2026-07-27T00:00:20.2346268-04:00,0,9.7,3
2026-07-27T00:00:20.2374746-04:00,0,9.7,3
2026-07-27T00:00:20.2408939-04:00,0,9.7,3
2026-07-27T00:00:20.2442133-04:00,0,9.7,3
2026-07-27T00:00:20.2471418-04:00,0,9.7,3
2026-07-27T00:00:20.2500492-04:00,0,9.7,3
2026-07-27T00:00:20.2528594-04:00,0,9.7,3
2026-07-27T00:00:20.2556255-04:00,0,9.7,3
2026-07-27T00:00:20.2585586-04:00,0,9.7,3
2026-07-27T00:00:20.2613713-04:00,0,9.7,3
2026-07-27T00:00:20.2642968-04:00,0,9.7,3
2026-07-27T00:00:20.2672459-04:00,0,9.7,3
2026-07-27T00:00:20.2700769-04:00,0,9.7,3
2026-07-27T00:00:20.2727872-04:00,0,9.7,3
2026-07-27T00:00:20.2757248-04:00,0,9.7,3
2026-07-27T00:00:20.2789147-04:00,0,9.7,3
2026-07-27T00:00:20.2818343-04:00,0,9.7,3
2026-07-27T00:00:20.2847354-04:00,0,9.7,3
2026-07-27T00:00:20.2879290-04:00,0,9.7,3.5
2026-07-27T00:00:20.2913223-04:00,0,9.7,3
2026-07-27T00:00:20.2944905-04:00,0,9.7,3
2026-07-27T00:00:20.2975905-04:00,0,9.7,3
2026-07-27T00:00:20.3008040-04:00,0,9.7,3
2026-07-27T00:00:20.3041267-04:00,0,9.7,3
2026-07-27T00:00:20.3073952-04:00,0,9.7,3
2026-07-27T00:00:20.3112001-04:00,0,9.7,3
2026-07-27T00:00:20.3147628-04:00,0,9.7,3
2026-07-27T00:00:20.3177883-04:00,0,9.7,3
2026-07-27T00:00:20.3207284-04:00,0,9.7,3
2026-07-27T00:00:20.3237384-04:00,0,9.7,3
2026-07-27T00:00:20.3267916-04:00,0,9.7,3
2026-07-27T00:00:20.3301763-04:00,0,9.7,3
2026-07-27T00:00:20.3334686-04:00,0,9.7,3
2026-07-27T00:00:20.3369242-04:00,0,9.7,3
2026-07-27T00:00:20.3400361-04:00,0,9.7,3
2026-07-27T00:00:20.3429737-04:00,0,9.7,3
2026-07-27T00:00:20.3458312-04:00,0,9.7,3
2026-07-27T00:00:20.3487527-04:00,0,9.7,3
2026-07-27T00:00:20.3516255-04:00,0,9.7,3
2026-07-27T00:00:20.3545804-04:00,0,9.7,3
2026-07-27T00:00:20.3577384-04:00,0,9.7,3
2026-07-27T00:00:20.3607180-04:00,0,9.7,3
2026-07-27T00:00:20.3638634-04:00,0,9.7,3
2026-07-27T00:00:20.3667045-04:00,0,9.7,3
2026-07-27T00:00:20.3698082-04:00,0,9.7,3
2026-07-27T00:00:20.3729449-04:00,0,9.7,3
2026-07-27T00:00:20.3759448-04:00,0,9.7,3
2026-07-27T00:00:20.3796372-04:00,0,9.7,3
2026-07-27T00:00:20.3826854-04:00,0,9.7,3
2026-07-27T00:00:20.3861263-04:00,0,9.7,3
2026-07-27T00:00:20.3891689-04:00,0,9.7,3
2026-07-27T00:00:20.3921235-04:00,0,9.7,3
2026-07-27T00:00:20.3952955-04:00,0,9.7,3
2026-07-27T00:00:20.3983420-04:00,0,9.7,3
2026-07-27T00:00:20.4013501-04:00,0,9.7,3
2026-07-27T00:00:20.4041936-04:00,0,9.7,3
2026-07-27T00:00:20.4071108-04:00,0,9.7,3
2026-07-27T00:00:20.4099754-04:00,0,9.7,3
2026-07-27T00:00:20.4131502-04:00,0,9.7,3
2026-07-27T00:00:20.4160447-04:00,0,9.7,3
2026-07-27T00:00:20.4189162-04:00,0,9.7,3
2026-07-27T00:00:20.4217480-04:00,0,9.7,3
2026-07-27T00:00:20.4246009-04:00,0,9.7,3
2026-07-27T00:00:20.4274226-04:00,0,9.7,3
2026-07-27T00:00:20.4302654-04:00,0,9.7,3
2026-07-27T00:00:20.4337877-04:00,0,9.7,3
2026-07-27T00:00:20.4376015-04:00,0,9.7,3
2026-07-27T00:00:20.4409518-04:00,0,9.7,3
2026-07-27T00:00:20.4440298-04:00,0,9.7,3
2026-07-27T00:00:20.4469890-04:00,0,9.7,3
2026-07-27T00:00:20.4509365-04:00,0,9.7,3
2026-07-27T00:00:20.4542821-04:00,0,9.7,3
2026-07-27T00:00:20.4574784-04:00,0,9.7,3
2026-07-27T00:00:20.4605365-04:00,0,9.7,3
2026-07-27T00:00:20.4635270-04:00,0,9.7,3
2026-07-27T00:00:20.4664838-04:00,0,9.7,3
2026-07-27T00:00:20.4693601-04:00,0,9.7,3
2026-07-27T00:00:20.4722301-04:00,0,9.7,3
2026-07-27T00:00:20.4752063-04:00,0,9.7,3
2026-07-27T00:00:20.4781731-04:00,0,9.7,3
2026-07-27T00:00:20.4812051-04:00,0,9.7,3
2026-07-27T00:00:20.4842563-04:00,0,9.7,3
2026-07-27T00:00:20.4874420-04:00,0,9.7,3
2026-07-27T00:00:20.4906262-04:00,0,9.7,3
2026-07-27T00:00:20.4936666-04:00,0,9.7,3
2026-07-27T00:00:20.4968110-04:00,0,9.7,3
2026-07-27T00:00:20.4997637-04:00,0,9.7,3
2026-07-27T00:00:20.5025323-04:00,0,9.7,3
2026-07-27T00:00:20.5053445-04:00,0,9.7,3
2026-07-27T00:00:20.5082804-04:00,0,9.7,3
2026-07-27T00:00:20.5111549-04:00,0,9.7,3
2026-07-27T00:00:20.5142722-04:00,0,9.7,3
2026-07-27T00:00:20.5171911-04:00,0,9.7,3
2026-07-27T00:00:20.5208645-04:00,0,9.7,3
2026-07-27T00:00:20.5239831-04:00,0,9.7,3
2026-07-27T00:00:20.5269638-04:00,0,9.7,3
2026-07-27T00:00:20.5298658-04:00,0,9.7,3
2026-07-27T00:00:20.5327023-04:00,0,9.7,3
2026-07-27T00:00:20.5356040-04:00,0,9.7,3
2026-07-27T00:00:20.5384548-04:00,0,9.7,3
2026-07-27T00:00:20.5414061-04:00,0,9.7,3
2026-07-27T00:00:20.5442160-04:00,0,9.7,3
2026-07-27T00:00:20.5470935-04:00,0,9.7,3
2026-07-27T00:00:20.5499248-04:00,0,9.7,3
2026-07-27T00:00:20.5527475-04:00,0,9.7,3
2026-07-27T00:00:20.5555459-04:00,0,9.7,3
2026-07-27T00:00:20.5583900-04:00,0,9.7,3
2026-07-27T00:00:20.5611977-04:00,0,9.7,3
2026-07-27T00:00:20.5640963-04:00,0,9.7,3
2026-07-27T00:00:20.5669981-04:00,0,9.7,3
2026-07-27T00:00:20.5698947-04:00,0,9.7,3
2026-07-27T00:00:20.5728016-04:00,0,9.7,3
2026-07-27T00:00:20.5756798-04:00,0,9.7,3
2026-07-27T00:00:20.5786375-04:00,0,9.7,3
2026-07-27T00:00:20.5815317-04:00,0,9.7,3
2026-07-27T00:00:20.5844197-04:00,0,9.7,3
2026-07-27T00:00:20.5878066-04:00,0,9.7,3
2026-07-27T00:00:20.5909709-04:00,0,9.7,3
2026-07-27T00:00:20.5940220-04:00,0,9.7,3
2026-07-27T00:00:20.5969783-04:00,0,9.7,3
2026-07-27T00:00:20.5999151-04:00,0,9.7,3
2026-07-27T00:00:20.6028008-04:00,0,9.7,3
2026-07-27T00:00:20.6056998-04:00,0,9.7,3
2026-07-27T00:00:20.6087218-04:00,0,9.7,3
2026-07-27T00:00:20.6117007-04:00,0,9.7,3
2026-07-27T00:00:20.6146697-04:00,0,9.7,3
2026-07-27T00:00:20.6175516-04:00,0,9.7,3
2026-07-27T00:00:20.6206044-04:00,0,9.7,3
2026-07-27T00:00:20.6236291-04:00,0,9.7,3
2026-07-27T00:00:20.6266060-04:00,0,9.7,3
2026-07-27T00:00:20.6297011-04:00,0,9.7,3
2026-07-27T00:00:20.6329317-04:00,0,9.7,3
2026-07-27T00:00:20.6363207-04:00,0,9.7,3
2026-07-27T00:00:20.6395304-04:00,0,9.7,3
2026-07-27T00:00:20.6428559-04:00,0,9.7,3
2026-07-27T00:00:20.6458999-04:00,0,9.7,3
2026-07-27T00:00:20.6488385-04:00,0,9.7,3
2026-07-27T00:00:20.6518208-04:00,0,9.7,3
2026-07-27T00:00:20.6553965-04:00,0,9.7,3
2026-07-27T00:00:20.6583866-04:00,0,9.7,3
2026-07-27T00:00:20.6614426-04:00,0,9.7,3
2026-07-27T00:00:20.6643115-04:00,0,9.7,3
2026-07-27T00:00:20.6671862-04:00,0,9.7,3
2026-07-27T00:00:20.6701334-04:00,0,9.7,3
2026-07-27T00:00:20.6730662-04:00,0,9.7,3
2026-07-27T00:00:20.6760482-04:00,0,9.7,3
2026-07-27T00:00:20.6788771-04:00,0,9.7,3
2026-07-27T00:00:20.6816848-04:00,0,9.7,3
2026-07-27T00:00:20.6845027-04:00,0,9.7,3
2026-07-27T00:00:20.6872810-04:00,0,9.7,3
2026-07-27T00:00:20.6900550-04:00,0,9.7,3
2026-07-27T00:00:20.6928622-04:00,0,9.7,3
2026-07-27T00:00:20.6957673-04:00,0,9.7,3
2026-07-27T00:00:20.6986410-04:00,0,9.7,3
2026-07-27T00:00:20.7017806-04:00,0,9.7,3
2026-07-27T00:00:20.7048281-04:00,0,9.7,3
2026-07-27T00:00:20.7077019-04:00,0,9.7,3
2026-07-27T00:00:20.7105243-04:00,0,9.7,3
2026-07-27T00:00:20.7133214-04:00,0,9.7,3
2026-07-27T00:00:20.7161406-04:00,0,9.7,3
2026-07-27T00:00:20.7189242-04:00,0,9.7,3
2026-07-27T00:00:20.7224788-04:00,0,9.7,3
2026-07-27T00:00:20.7255551-04:00,0,9.7,3
2026-07-27T00:00:20.7286105-04:00,0,9.7,3
2026-07-27T00:00:20.7315964-04:00,0,9.7,3
2026-07-27T00:00:20.7344300-04:00,0,9.7,3
2026-07-27T00:00:20.7373105-04:00,0,9.7,3
2026-07-27T00:00:20.7400706-04:00,0,9.7,3
2026-07-27T00:00:20.7428409-04:00,0,9.7,3
2026-07-27T00:00:20.7456786-04:00,0,9.7,3
2026-07-27T00:00:20.7485380-04:00,0,9.7,3
2026-07-27T00:00:20.7513074-04:00,0,9.7,3
2026-07-27T00:00:20.7540929-04:00,0,9.7,3
2026-07-27T00:00:20.7569456-04:00,0,9.7,3
2026-07-27T00:00:20.7599140-04:00,0,9.7,3
2026-07-27T00:00:20.7629740-04:00,0,9.7,3
2026-07-27T00:00:20.7664492-04:00,0,9.7,3
2026-07-27T00:00:20.7696035-04:00,0,9.7,3
2026-07-27T00:00:20.7726228-04:00,0,9.7,3
2026-07-27T00:00:20.7755116-04:00,0,9.7,3
2026-07-27T00:00:20.7783807-04:00,0,9.7,3
2026-07-27T00:00:20.7813910-04:00,0,9.7,3
2026-07-27T00:00:20.7844582-04:00,0,9.7,3
2026-07-27T00:00:20.7872928-04:00,0,9.7,3
2026-07-27T00:00:20.7907491-04:00,0,9.7,3
2026-07-27T00:00:20.7938686-04:00,0,9.7,3
2026-07-27T00:00:20.7969176-04:00,0,9.7,3
2026-07-27T00:00:20.8001424-04:00,0,9.7,3
2026-07-27T00:00:20.8033204-04:00,0,9.7,3
2026-07-27T00:00:20.8063114-04:00,0,9.7,3
2026-07-27T00:00:20.8092166-04:00,0,9.7,3
2026-07-27T00:00:20.8121026-04:00,0,9.7,3
2026-07-27T00:00:20.8149849-04:00,0,9.7,3
2026-07-27T00:00:20.8177723-04:00,0,9.7,3
2026-07-27T00:00:20.8206576-04:00,0,9.7,3
2026-07-27T00:00:20.8234909-04:00,0,9.7,3
2026-07-27T00:00:20.8262817-04:00,0,9.7,3
2026-07-27T00:00:20.8292422-04:00,0,9.7,3
2026-07-27T00:00:20.8320878-04:00,0,9.7,3
2026-07-27T00:00:20.8349631-04:00,0,9.7,3
2026-07-27T00:00:20.8380795-04:00,0,9.7,3
2026-07-27T00:00:20.8409826-04:00,0,9.7,3
2026-07-27T00:00:20.8438336-04:00,0,9.7,3
2026-07-27T00:00:20.8469214-04:00,0,9.7,3
2026-07-27T00:00:20.8500555-04:00,0,9.7,3
2026-07-27T00:00:20.8529134-04:00,0,9.7,3
2026-07-27T00:00:20.8557491-04:00,0,9.7,3
2026-07-27T00:00:20.8593462-04:00,0,9.7,3
2026-07-27T00:00:20.8623843-04:00,0,9.7,3
2026-07-27T00:00:20.8652330-04:00,0,9.7,3
2026-07-27T00:00:20.8682519-04:00,0,9.7,3
2026-07-27T00:00:20.8710369-04:00,0,9.7,3
2026-07-27T00:00:20.8740360-04:00,0,9.7,3
2026-07-27T00:00:20.8772234-04:00,0,9.7,3
2026-07-27T00:00:20.8805482-04:00,0,9.7,3
2026-07-27T00:00:20.8836127-04:00,0,9.7,3
2026-07-27T00:00:20.8866488-04:00,0,9.7,3
2026-07-27T00:00:20.8896040-04:00,0,9.7,3
2026-07-27T00:00:20.8927854-04:00,0,9.7,3
2026-07-27T00:00:20.8957653-04:00,0,9.7,3
2026-07-27T00:00:20.8985970-04:00,0,9.7,3
2026-07-27T00:00:20.9013785-04:00,0,9.7,3
2026-07-27T00:00:20.9043033-04:00,0,9.7,3
2026-07-27T00:00:20.9071223-04:00,0,9.7,3
2026-07-27T00:00:20.9099926-04:00,0,9.7,3
2026-07-27T00:00:20.9128069-04:00,0,9.7,3
2026-07-27T00:00:20.9156268-04:00,0,9.7,3
2026-07-27T00:00:20.9183744-04:00,0,9.7,3
2026-07-27T00:00:20.9212704-04:00,0,9.7,3
2026-07-27T00:00:20.9253594-04:00,0,9.7,3
2026-07-27T00:00:20.9288184-04:00,0,9.7,3
2026-07-27T00:00:20.9320083-04:00,0,9.7,3
2026-07-27T00:00:20.9349930-04:00,0,9.7,3
2026-07-27T00:00:20.9379078-04:00,0,9.7,3
2026-07-27T00:00:20.9408190-04:00,0,9.7,3
2026-07-27T00:00:20.9437070-04:00,0,9.7,3
2026-07-27T00:00:20.9466641-04:00,0,9.7,3
2026-07-27T00:00:20.9495408-04:00,0,9.7,3
2026-07-27T00:00:20.9523507-04:00,0,9.7,3
2026-07-27T00:00:20.9554312-04:00,0,9.7,3
2026-07-27T00:00:20.9588833-04:00,0,9.7,3
2026-07-27T00:00:20.9621162-04:00,0,9.7,3
2026-07-27T00:00:20.9650993-04:00,0,9.7,3
2026-07-27T00:00:20.9682443-04:00,0,9.7,3
2026-07-27T00:00:20.9718333-04:00,0,9.7,3
2026-07-27T00:00:20.9751036-04:00,0,9.7,3
2026-07-27T00:00:20.9783077-04:00,0,9.7,3.5
2026-07-27T00:00:20.9815893-04:00,0,10.6,3.7
2026-07-27T00:00:20.9849771-04:00,463.9,13.5,6.5
2026-07-27T00:00:20.9883509-04:00,0,13.7,6.6
2026-07-27T00:00:20.9915580-04:00,0,13.7,6.6
2026-07-27T00:00:20.9946294-04:00,0,13.7,6.6
2026-07-27T00:00:20.9984198-04:00,0,13.7,6.6
2026-07-27T00:00:21.0016047-04:00,0,13.7,6.6
2026-07-27T00:00:21.0045932-04:00,0,13.7,6.6
2026-07-27T00:00:21.0074996-04:00,0,13.7,6.6
2026-07-27T00:00:21.0106442-04:00,0,13.7,6.6
2026-07-27T00:00:21.0135669-04:00,0,13.7,6.6
2026-07-27T00:00:21.0165972-04:00,0,13.7,6.6
2026-07-27T00:00:21.0199218-04:00,0,13.7,6.6
2026-07-27T00:00:21.0233325-04:00,0,13.7,6.6
2026-07-27T00:00:21.0263753-04:00,0,13.7,6.6
2026-07-27T00:00:21.0294560-04:00,0,13.7,6.6
2026-07-27T00:00:21.0324802-04:00,0,13.7,6.6
2026-07-27T00:00:21.0357166-04:00,0,17.7,10.6
2026-07-27T00:00:21.0391323-04:00,0,17.9,10.7
2026-07-27T00:00:21.0425093-04:00,0,18.8,11.7
2026-07-27T00:00:21.0456823-04:00,0,21.1,20.8
2026-07-27T00:00:21.0488351-04:00,494.3,27.9,20.8
2026-07-27T00:00:21.0521502-04:00,0,28.1,21.1
2026-07-27T00:00:21.0551967-04:00,0,28.2,21.1
2026-07-27T00:00:21.0584165-04:00,0,28.2,21.1
2026-07-27T00:00:21.0615275-04:00,0,28.5,21.5
2026-07-27T00:00:21.0648353-04:00,473.7,38.5,31.6
2026-07-27T00:00:21.0681213-04:00,0,29.6,22.5
2026-07-27T00:00:21.0717232-04:00,0,30.3,23.6
2026-07-27T00:00:21.0748323-04:00,0,30,23.3
2026-07-27T00:00:21.0777837-04:00,0,30.3,23.3
2026-07-27T00:00:21.0806865-04:00,538.1,30.5,24.3
2026-07-27T00:00:21.0840819-04:00,0,30.9,24.3
2026-07-27T00:00:21.0871373-04:00,0,29.6,22.4
2026-07-27T00:00:21.0901860-04:00,0,30,23.1
2026-07-27T00:00:21.0931687-04:00,0,29.9,23.1
2026-07-27T00:00:21.0961624-04:00,522.5,30.3,23.9
2026-07-27T00:00:21.0995408-04:00,0,30.2,23.3
2026-07-27T00:00:21.1027618-04:00,0,31.5,25.3
2026-07-27T00:00:21.1059329-04:00,0,30.8,24.3
2026-07-27T00:00:21.1090312-04:00,0,31.2,24.3
2026-07-27T00:00:21.1123622-04:00,472.1,31.5,26.3
2026-07-27T00:00:21.1154890-04:00,0,31.8,26.3
2026-07-27T00:00:21.1184860-04:00,0,32.1,26.3
2026-07-27T00:00:21.1215037-04:00,0,32.4,26.3
2026-07-27T00:00:21.1244524-04:00,0,32.8,26.3
2026-07-27T00:00:21.1275887-04:00,495.8,33.1,26.3
2026-07-27T00:00:21.1307930-04:00,0,37.2,30.2
2026-07-27T00:00:21.1340909-04:00,0,31.5,24.6
2026-07-27T00:00:21.1373624-04:00,0,34.4,27.5
2026-07-27T00:00:21.1411113-04:00,0,36.1,29.3
2026-07-27T00:00:21.1448334-04:00,372.1,38,31.3
2026-07-27T00:00:21.1487382-04:00,0,40.2,33.5
2026-07-27T00:00:21.1521344-04:00,0,41.9,35.3
2026-07-27T00:00:21.1554445-04:00,0,43.5,36.9
2026-07-27T00:00:21.1588796-04:00,454.8,46.1,39.6
2026-07-27T00:00:21.1624546-04:00,0,46.1,39.6
2026-07-27T00:00:21.1660686-04:00,0,46.1,39.6
2026-07-27T00:00:21.1697064-04:00,0,48,41.4
2026-07-27T00:00:21.1730000-04:00,473.7,49.5,43
2026-07-27T00:00:21.1762472-04:00,0,51,44.5
2026-07-27T00:00:21.1796150-04:00,0,52.3,45.8
2026-07-27T00:00:21.1830711-04:00,0,53.6,47.1
2026-07-27T00:00:21.1862911-04:00,0,54.8,48.4
2026-07-27T00:00:21.1895209-04:00,484,55.9,49.6
2026-07-27T00:00:21.1926838-04:00,0,57,50.6
2026-07-27T00:00:21.1958965-04:00,0,57.9,51.7
2026-07-27T00:00:21.1991436-04:00,0,62.4,56.1
2026-07-27T00:00:21.2023877-04:00,0,62.4,56.1
2026-07-27T00:00:21.2057476-04:00,465.7,62.4,56.1
2026-07-27T00:00:21.2093932-04:00,0,62.4,56.1
2026-07-27T00:00:21.2130108-04:00,0,62.4,56.1
2026-07-27T00:00:21.2164117-04:00,0,62.4,56.1
2026-07-27T00:00:21.2205919-04:00,373.9,62.4,56.1
2026-07-27T00:00:21.2240652-04:00,0,63.9,57.7
2026-07-27T00:00:21.2273044-04:00,0,71,64.7
2026-07-27T00:00:21.2304642-04:00,0,73.3,67.1
2026-07-27T00:00:21.2337254-04:00,0,75.4,69.3
2026-07-27T00:00:21.2370751-04:00,467.1,77.1,71
2026-07-27T00:00:21.2404067-04:00,0,78.7,72.6
2026-07-27T00:00:21.2437469-04:00,0,82.1,76
2026-07-27T00:00:21.2470253-04:00,0,82.1,76
2026-07-27T00:00:21.2502211-04:00,489.1,82.1,76
2026-07-27T00:00:21.2534524-04:00,0,82.1,76
2026-07-27T00:00:21.2570657-04:00,0,82.1,76
2026-07-27T00:00:21.2605880-04:00,0,82.1,76
2026-07-27T00:00:21.2637946-04:00,0,82.1,76
2026-07-27T00:00:21.2669617-04:00,493.8,82.1,76
2026-07-27T00:00:21.2700850-04:00,0,82.1,76
2026-07-27T00:00:21.2732332-04:00,0,82.1,76
2026-07-27T00:00:21.2765745-04:00,0,84.3,79.9
2026-07-27T00:00:21.2800459-04:00,0,86.1,79.9
2026-07-27T00:00:21.2830872-04:00,513.2,86.1,79.9
2026-07-27T00:00:21.2860596-04:00,0,86.1,79.9
2026-07-27T00:00:21.2894576-04:00,0,86.1,79.9
2026-07-27T00:00:21.2929582-04:00,0,86.1,79.9
2026-07-27T00:00:21.2969209-04:00,0,86.3,80
2026-07-27T00:00:21.3008411-04:00,400,76.1,92.4
2026-07-27T00:00:21.3042466-04:00,0,64.3,58.2
2026-07-27T00:00:21.3076639-04:00,0,64.3,58.5
2026-07-27T00:00:21.3108809-04:00,0,62.3,55.9
2026-07-27T00:00:21.3142830-04:00,459.3,59.8,53.1
2026-07-27T00:00:21.3176691-04:00,0,56.8,49.9
2026-07-27T00:00:21.3212458-04:00,0,51.4,44.2
2026-07-27T00:00:21.3244585-04:00,0,45.3,38.2
2026-07-27T00:00:21.3279137-04:00,453.4,33.9,27.5
2026-07-27T00:00:21.3314267-04:00,0,26.5,19
2026-07-27T00:00:21.3347675-04:00,0,22.6,14.9
2026-07-27T00:00:21.3382824-04:00,0,21.4,13.4
2026-07-27T00:00:21.3415788-04:00,0,21.4,13.4
2026-07-27T00:00:21.3447133-04:00,497.8,21.5,13.6
2026-07-27T00:00:21.3481054-04:00,0,22.5,14.8
2026-07-27T00:00:21.3515262-04:00,0,30.2,24.3
2026-07-27T00:00:21.3548114-04:00,0,31.7,24.3
2026-07-27T00:00:21.3578917-04:00,0,31.7,24.3
2026-07-27T00:00:21.3609707-04:00,508.4,31.7,24.3
2026-07-27T00:00:21.3639709-04:00,0,31.8,24.6
2026-07-27T00:00:21.3670042-04:00,0,32.2,24.8
2026-07-27T00:00:21.3702457-04:00,0,40,34.8
2026-07-27T00:00:21.3744766-04:00,0,32.8,25
2026-07-27T00:00:21.3775744-04:00,503.5,33.5,25.9
2026-07-27T00:00:21.3806630-04:00,0,34.2,26.9
2026-07-27T00:00:21.3837835-04:00,0,33.4,25.8
2026-07-27T00:00:21.3869543-04:00,0,33.7,25.8
2026-07-27T00:00:21.3900593-04:00,0,34,26.8
2026-07-27T00:00:21.3931178-04:00,512.4,35.6,28.3
2026-07-27T00:00:21.3960915-04:00,0,33.1,25.3
2026-07-27T00:00:21.3991025-04:00,0,33.5,25.8
2026-07-27T00:00:21.4021329-04:00,0,33.5,25.7
2026-07-27T00:00:21.4052127-04:00,0,34,26.2
2026-07-27T00:00:21.4081416-04:00,532.2,33.4,25.8
2026-07-27T00:00:21.4111656-04:00,0,33.7,26.8
2026-07-27T00:00:21.4143221-04:00,0,34,26.8
2026-07-27T00:00:21.4172837-04:00,0,34.3,26.8
2026-07-27T00:00:21.4203415-04:00,0,34.6,26.8
2026-07-27T00:00:21.4233270-04:00,523.6,34.9,28.8
2026-07-27T00:00:21.4263087-04:00,0,35.2,28.8
2026-07-27T00:00:21.4292292-04:00,0,35.5,28.8
2026-07-27T00:00:21.4326314-04:00,0,35.8,28.8
2026-07-27T00:00:21.4361168-04:00,0,36.1,28.8
2026-07-27T00:00:21.4393005-04:00,489.9,36.5,28.8
2026-07-27T00:00:21.4434455-04:00,0,33.8,26.5
2026-07-27T00:00:21.4469659-04:00,0,36.5,30.1
2026-07-27T00:00:21.4502366-04:00,0,38.5,31.2
2026-07-27T00:00:21.4536941-04:00,454.3,41,33.8
2026-07-27T00:00:21.4570416-04:00,0,41.3,34.1
2026-07-27T00:00:21.4603733-04:00,0,43.2,36.2
2026-07-27T00:00:21.4637965-04:00,0,44.9,37.8
2026-07-27T00:00:21.4672129-04:00,0,46.4,39.3
2026-07-27T00:00:21.4707800-04:00,438.8,49.1,42.2
2026-07-27T00:00:21.4742719-04:00,0,49.1,42.2
2026-07-27T00:00:21.4778642-04:00,0,49.1,42.2
2026-07-27T00:00:21.4814773-04:00,0,50.4,43.5
2026-07-27T00:00:21.4848305-04:00,466,52,45
2026-07-27T00:00:21.4882339-04:00,0,53.4,46.6
2026-07-27T00:00:21.4916546-04:00,0,54.7,47.9
2026-07-27T00:00:21.4951311-04:00,0,55.9,49.2
2026-07-27T00:00:21.4986225-04:00,0,57.2,50.4
2026-07-27T00:00:21.5019074-04:00,475.3,58.4,51.6
2026-07-27T00:00:21.5051097-04:00,0,59.5,52.7
2026-07-27T00:00:21.5083059-04:00,0,60.5,53.8
2026-07-27T00:00:21.5117758-04:00,0,59.5,58.7
2026-07-27T00:00:21.5152811-04:00,0,65.9,58.7
2026-07-27T00:00:21.5186587-04:00,462.7,65.9,58.7
2026-07-27T00:00:21.5227467-04:00,0,65.9,58.7
2026-07-27T00:00:21.5264534-04:00,0,65.9,58.7
2026-07-27T00:00:21.5299227-04:00,0,65.9,58.7
2026-07-27T00:00:21.5334414-04:00,446.5,65.9,58.7
2026-07-27T00:00:21.5370071-04:00,0,66.7,59.4
2026-07-27T00:00:21.5403411-04:00,0,72.9,65.7
2026-07-27T00:00:21.5438818-04:00,0,76.1,68.8
2026-07-27T00:00:21.5473681-04:00,450.9,77.5,70.3
2026-07-27T00:00:21.5507301-04:00,0,79.3,72.1
2026-07-27T00:00:21.5542969-04:00,0,81.3,74.1
2026-07-27T00:00:21.5577269-04:00,0,82.9,75.7
2026-07-27T00:00:21.5611552-04:00,0,83.1,76
2026-07-27T00:00:21.5643328-04:00,491.4,83.1,76
2026-07-27T00:00:21.5678062-04:00,0,83.1,76
2026-07-27T00:00:21.5712420-04:00,0,83.1,76
2026-07-27T00:00:21.5746572-04:00,0,83.1,76
2026-07-27T00:00:21.5778585-04:00,0,83.1,76
2026-07-27T00:00:21.5810608-04:00,488.2,83.1,76
2026-07-27T00:00:21.5842487-04:00,0,83.1,76
2026-07-27T00:00:21.5875115-04:00,0,83.1,76
2026-07-27T00:00:21.5907422-04:00,0,83.1,76
2026-07-27T00:00:21.5941112-04:00,464,87.1,79.9
2026-07-27T00:00:21.5974222-04:00,0,87.1,79.9
2026-07-27T00:00:21.6013247-04:00,0,87.1,79.9
2026-07-27T00:00:21.6045276-04:00,0,87.1,79.9
2026-07-27T00:00:21.6077217-04:00,0,87.1,79.9
2026-07-27T00:00:21.6108383-04:00,501.3,87.2,80
2026-07-27T00:00:21.6140649-04:00,0,87.2,84.6
2026-07-27T00:00:21.6173162-04:00,0,87.2,84.6
2026-07-27T00:00:21.6205144-04:00,0,87.2,84.6
2026-07-27T00:00:21.6238022-04:00,0,87.2,84.6
2026-07-27T00:00:21.6275832-04:00,417.7,87.2,84.6
2026-07-27T00:00:21.6314065-04:00,0,87.2,84.6
2026-07-27T00:00:21.6350343-04:00,0,87.2,84.6
2026-07-27T00:00:21.6387966-04:00,0,87.2,84.6
2026-07-27T00:00:21.6422734-04:00,449.1,87.2,84.6
2026-07-27T00:00:21.6460255-04:00,0,87.2,84.6
2026-07-27T00:00:21.6497714-04:00,0,87.2,84.6
2026-07-27T00:00:21.6535518-04:00,0,87.2,84.6
2026-07-27T00:00:21.6572419-04:00,417.1,87.2,84.6
2026-07-27T00:00:21.6610223-04:00,0,87.2,84.6
2026-07-27T00:00:21.6647524-04:00,0,87.2,84.6
2026-07-27T00:00:21.6684923-04:00,0,87.2,84.6
2026-07-27T00:00:21.6721342-04:00,0,87.2,84.6
2026-07-27T00:00:21.6756761-04:00,442.8,87.2,84.6
2026-07-27T00:00:21.6803355-04:00,0,87.2,84.6
2026-07-27T00:00:21.6841329-04:00,0,87.2,84.6
2026-07-27T00:00:21.6878180-04:00,422.8,87.2,84.6
2026-07-27T00:00:21.6911569-04:00,0,87.2,84.6
2026-07-27T00:00:21.6946102-04:00,0,87.2,84.6
2026-07-27T00:00:21.6981664-04:00,0,87.2,84.6
2026-07-27T00:00:21.7019068-04:00,0,87.2,84.6
2026-07-27T00:00:21.7059381-04:00,388.3,87.2,84.6
2026-07-27T00:00:21.7100537-04:00,0,87.2,84.6
2026-07-27T00:00:21.7140969-04:00,0,87.2,84.6
2026-07-27T00:00:21.7183025-04:00,372.8,87.2,84.7
2026-07-27T00:00:21.7222211-04:00,0,87.2,84.7
2026-07-27T00:00:21.7258261-04:00,0,87.2,84.7
2026-07-27T00:00:21.7293958-04:00,0,87.2,84.7
2026-07-27T00:00:21.7326330-04:00,0,87.2,84.7
2026-07-27T00:00:21.7359496-04:00,471.6,87.2,84.7
2026-07-27T00:00:21.7395261-04:00,0,87.2,84.7
2026-07-27T00:00:21.7427391-04:00,0,87.2,84.7
2026-07-27T00:00:21.7460530-04:00,0,87.2,84.7
2026-07-27T00:00:21.7491912-04:00,0,87.2,84.7
2026-07-27T00:00:21.7522353-04:00,0,87.2,84.7
2026-07-27T00:00:21.7552747-04:00,0,87.2,84.7
2026-07-27T00:00:21.7582390-04:00,0,87.2,84.7
2026-07-27T00:00:21.7619904-04:00,0,87.2,84.7
2026-07-27T00:00:21.7655412-04:00,0,87.2,84.7
2026-07-27T00:00:21.7693477-04:00,0,87.2,84.7
2026-07-27T00:00:21.7729580-04:00,0,87.2,84.7
2026-07-27T00:00:21.7764698-04:00,0,87.2,84.7
2026-07-27T00:00:21.7801093-04:00,0,87.2,84.7
2026-07-27T00:00:21.7836474-04:00,0,87.2,84.7
2026-07-27T00:00:21.7874699-04:00,0,87.2,84.7
2026-07-27T00:00:21.7909398-04:00,0,87.2,84.7
2026-07-27T00:00:21.7942180-04:00,0,87.2,84.7
2026-07-27T00:00:21.7975844-04:00,0,87.2,84.7
2026-07-27T00:00:21.8019114-04:00,0,87.2,84.7
2026-07-27T00:00:21.8063095-04:00,0,87.2,84.7
2026-07-27T00:00:21.8099904-04:00,0,87.2,84.7
2026-07-27T00:00:21.8137016-04:00,0,87.2,84.7
2026-07-27T00:00:21.8171834-04:00,0,87.2,84.7
2026-07-27T00:00:21.8210060-04:00,0,87.2,84.7
2026-07-27T00:00:21.8245274-04:00,0,87.2,84.7
2026-07-27T00:00:21.8278887-04:00,0,87.2,84.7
2026-07-27T00:00:21.8317570-04:00,0,87.2,84.7
2026-07-27T00:00:21.8358505-04:00,0,87.2,84.7
2026-07-27T00:00:21.8397977-04:00,0,87.2,84.7
2026-07-27T00:00:21.8438835-04:00,0,87.2,84.7
2026-07-27T00:00:21.8487335-04:00,0,87.2,84.7
2026-07-27T00:00:21.8530466-04:00,0,87.2,84.7
2026-07-27T00:00:21.8572476-04:00,0,87.2,84.7
2026-07-27T00:00:21.8612481-04:00,0,87.2,84.7
2026-07-27T00:00:21.8653275-04:00,0,87.2,84.7
2026-07-27T00:00:21.8695487-04:00,0,87.2,84.7
2026-07-27T00:00:21.8738176-04:00,0,87.2,84.7
2026-07-27T00:00:21.8781630-04:00,0,87.2,84.7
2026-07-27T00:00:21.8824236-04:00,0,87.2,84.7
2026-07-27T00:00:21.8867018-04:00,0,87.2,84.7
2026-07-27T00:00:21.8904888-04:00,411.1,87.2,84.7
2026-07-27T00:00:21.8942040-04:00,0,87.2,84.7
2026-07-27T00:00:21.8977977-04:00,0,87.2,84.7
2026-07-27T00:00:21.9013798-04:00,0,87.2,84.7
2026-07-27T00:00:21.9049910-04:00,0,87.2,84.7
2026-07-27T00:00:21.9138504-04:00,0,87.2,84.7
2026-07-27T00:00:21.9190122-04:00,0,87.2,84.7
2026-07-27T00:00:21.9252695-04:00,0,87.2,84.7
2026-07-27T00:00:21.9303553-04:00,0,87.2,84.7
2026-07-27T00:00:21.9349230-04:00,0,87.2,84.7
2026-07-27T00:00:21.9394807-04:00,0,87.2,84.7
2026-07-27T00:00:21.9441569-04:00,0,87.2,84.7
2026-07-27T00:00:21.9504710-04:00,0,87.2,84.7
2026-07-27T00:00:21.9543736-04:00,0,87.2,84.7
2026-07-27T00:00:21.9581660-04:00,0,87.2,84.7
2026-07-27T00:00:21.9617265-04:00,0,87.2,84.7
2026-07-27T00:00:21.9652375-04:00,0,87.2,84.7
2026-07-27T00:00:21.9688054-04:00,0,87.2,84.7
2026-07-27T00:00:21.9732101-04:00,0,87.2,84.7
2026-07-27T00:00:21.9771440-04:00,0,87.2,84.7
2026-07-27T00:00:21.9808678-04:00,0,87.2,84.7
2026-07-27T00:00:21.9844789-04:00,0,87.2,84.7
2026-07-27T00:00:21.9884122-04:00,0,87.2,84.7
2026-07-27T00:00:21.9925708-04:00,0,87.2,84.7
2026-07-27T00:00:21.9965145-04:00,0,87.2,84.7
2026-07-27T00:00:22.0004461-04:00,0,87.2,84.7
2026-07-27T00:00:22.0043786-04:00,0,87.2,84.7
2026-07-27T00:00:22.0088133-04:00,0,87.2,84.7
2026-07-27T00:00:22.0126957-04:00,0,87.2,84.7
2026-07-27T00:00:22.0166369-04:00,0,87.2,84.7
2026-07-27T00:00:22.0209349-04:00,0,87.2,84.7
2026-07-27T00:00:22.0251878-04:00,0,87.2,84.7
2026-07-27T00:00:22.0292801-04:00,0,87.2,84.7
2026-07-27T00:00:22.0331489-04:00,0,87.2,84.7
2026-07-27T00:00:22.0373639-04:00,0,87.2,84.7
2026-07-27T00:00:22.0419937-04:00,0,87.2,84.7
2026-07-27T00:00:22.0462212-04:00,0,87.2,84.7
2026-07-27T00:00:22.0501070-04:00,0,87.2,84.7
2026-07-27T00:00:22.0540260-04:00,0,87.2,84.7
2026-07-27T00:00:22.0578950-04:00,0,87.2,84.7
2026-07-27T00:00:22.0614957-04:00,0,87.2,84.7
2026-07-27T00:00:22.0652237-04:00,0,87.2,84.7
2026-07-27T00:00:22.0688009-04:00,0,87.2,84.7
2026-07-27T00:00:22.0723023-04:00,0,87.2,84.7
2026-07-27T00:00:22.0757379-04:00,0,87.2,84.7
2026-07-27T00:00:22.0793088-04:00,0,87.2,84.7
2026-07-27T00:00:22.0831786-04:00,0,87.2,84.7
2026-07-27T00:00:22.0870932-04:00,0,87.2,84.7
2026-07-27T00:00:22.0908929-04:00,0,87.2,84.7
2026-07-27T00:00:22.0948190-04:00,0,87.2,84.7
2026-07-27T00:00:22.0986025-04:00,0,87.2,84.7
2026-07-27T00:00:22.1021209-04:00,0,87.2,84.7
2026-07-27T00:00:22.1052315-04:00,0,87.2,84.7
2026-07-27T00:00:22.1084760-04:00,0,87.2,84.7
2026-07-27T00:00:22.1117724-04:00,0,87.2,84.7
2026-07-27T00:00:22.1148366-04:00,0,87.2,84.7
2026-07-27T00:00:22.1179062-04:00,0,87.2,84.7
2026-07-27T00:00:22.1210535-04:00,0,87.2,84.7
2026-07-27T00:00:22.1249346-04:00,0,87.2,84.7
2026-07-27T00:00:22.1283983-04:00,0,87.2,84.7
2026-07-27T00:00:22.1319943-04:00,0,87.2,84.7
2026-07-27T00:00:22.1351479-04:00,0,87.2,84.7
2026-07-27T00:00:22.1384299-04:00,0,87.2,84.7
2026-07-27T00:00:22.1416926-04:00,0,87.2,84.7
2026-07-27T00:00:22.1450999-04:00,0,87.2,84.7
2026-07-27T00:00:22.1482791-04:00,0,87.2,84.7
2026-07-27T00:00:22.1514961-04:00,0,87.2,84.7
2026-07-27T00:00:22.1547913-04:00,0,87.2,84.7
2026-07-27T00:00:22.1584282-04:00,0,87.2,84.7
2026-07-27T00:00:22.1625423-04:00,0,87.2,84.7
2026-07-27T00:00:22.1661962-04:00,0,87.2,84.7
2026-07-27T00:00:22.1699000-04:00,0,87.2,84.7
2026-07-27T00:00:22.1736603-04:00,0,87.2,84.7
2026-07-27T00:00:22.1771356-04:00,0,87.2,84.7
2026-07-27T00:00:22.1806554-04:00,0,87.2,84.7
2026-07-27T00:00:22.1839387-04:00,0,87.2,84.7
2026-07-27T00:00:22.1871237-04:00,0,87.2,84.7
2026-07-27T00:00:22.1903390-04:00,0,87.2,84.7
2026-07-27T00:00:22.1938026-04:00,0,87.2,84.7
2026-07-27T00:00:22.1973708-04:00,0,87.2,84.7
2026-07-27T00:00:22.2018028-04:00,0,87.2,84.7
2026-07-27T00:00:22.2056252-04:00,0,87.2,84.7
2026-07-27T00:00:22.2094124-04:00,0,87.2,84.7
2026-07-27T00:00:22.2127705-04:00,0,87.2,84.7
2026-07-27T00:00:22.2160550-04:00,0,87.2,84.7
2026-07-27T00:00:22.2193156-04:00,0,87.2,84.7
2026-07-27T00:00:22.2229072-04:00,0,87.2,84.7
2026-07-27T00:00:22.2260060-04:00,0,87.2,84.7
2026-07-27T00:00:22.2291189-04:00,0,87.2,84.7
2026-07-27T00:00:22.2322808-04:00,0,87.2,84.7
2026-07-27T00:00:22.2355011-04:00,0,87.2,84.7
2026-07-27T00:00:22.2387686-04:00,0,87.2,84.7
2026-07-27T00:00:22.2420402-04:00,0,87.2,84.7
2026-07-27T00:00:22.2453333-04:00,0,87.2,84.7
2026-07-27T00:00:22.2485911-04:00,0,87.2,84.7
2026-07-27T00:00:22.2518870-04:00,0,87.2,84.7
2026-07-27T00:00:22.2553074-04:00,0,87.2,84.7
2026-07-27T00:00:22.2585736-04:00,0,87.2,84.7
2026-07-27T00:00:22.2620811-04:00,0,87.2,84.7
2026-07-27T00:00:22.2655642-04:00,0,87.2,84.7
2026-07-27T00:00:22.2692607-04:00,0,87.2,84.7
2026-07-27T00:00:22.2728640-04:00,0,87.2,84.7
2026-07-27T00:00:22.2764065-04:00,0,87.2,84.7
2026-07-27T00:00:22.2809070-04:00,0,87.2,84.7
2026-07-27T00:00:22.2846934-04:00,0,87.2,84.7
2026-07-27T00:00:22.2883934-04:00,0,87.2,84.7
2026-07-27T00:00:22.2919799-04:00,0,87.2,84.7
2026-07-27T00:00:22.2957786-04:00,0,87.2,84.7
2026-07-27T00:00:22.2995914-04:00,0,87.2,84.7
2026-07-27T00:00:22.3029330-04:00,0,87.2,84.7
2026-07-27T00:00:22.3062701-04:00,0,87.2,84.7
2026-07-27T00:00:22.3095376-04:00,0,87.2,84.7
2026-07-27T00:00:22.3127086-04:00,0,87.2,84.7
2026-07-27T00:00:22.3159672-04:00,0,87.2,84.7
2026-07-27T00:00:22.3191799-04:00,0,87.2,84.7
2026-07-27T00:00:22.3224383-04:00,0,87.2,84.7
2026-07-27T00:00:22.3257472-04:00,0,87.2,84.7
2026-07-27T00:00:22.3292782-04:00,0,87.2,84.7
2026-07-27T00:00:22.3333979-04:00,0,87.2,84.7
2026-07-27T00:00:22.3372177-04:00,0,87.2,84.7
2026-07-27T00:00:22.3404811-04:00,0,87.2,84.7
2026-07-27T00:00:22.3436791-04:00,0,87.2,84.7
2026-07-27T00:00:22.3470934-04:00,0,87.2,84.7
2026-07-27T00:00:22.3502889-04:00,0,87.2,84.7
2026-07-27T00:00:22.3537649-04:00,0,87.2,84.7
2026-07-27T00:00:22.3569990-04:00,0,87.2,84.7
2026-07-27T00:00:22.3614465-04:00,0,87.2,84.7
2026-07-27T00:00:22.3648387-04:00,0,87.2,84.7
2026-07-27T00:00:22.3681700-04:00,0,87.2,84.7
2026-07-27T00:00:22.3720107-04:00,0,87.2,84.7
2026-07-27T00:00:22.3757934-04:00,417.2,87.2,84.7
2026-07-27T00:00:22.3790800-04:00,0,87.2,84.7
2026-07-27T00:00:22.3822892-04:00,0,87.2,84.7
2026-07-27T00:00:22.3853427-04:00,0,87.2,84.7
2026-07-27T00:00:22.3883378-04:00,0,87.2,84.7
2026-07-27T00:00:22.3913306-04:00,0,87.2,84.7
2026-07-27T00:00:22.3943875-04:00,0,87.2,84.7
2026-07-27T00:00:22.3974737-04:00,0,87.2,84.7
2026-07-27T00:00:22.4007345-04:00,0,87.2,84.7
2026-07-27T00:00:22.4040316-04:00,0,87.2,84.7
2026-07-27T00:00:22.4073560-04:00,0,87.2,84.7
2026-07-27T00:00:22.4106190-04:00,0,87.2,84.7
2026-07-27T00:00:22.4141792-04:00,0,87.2,84.7
2026-07-27T00:00:22.4175133-04:00,0,87.2,84.7
2026-07-27T00:00:22.4207199-04:00,0,87.2,84.7
2026-07-27T00:00:22.4239388-04:00,485.9,87.2,84.7
2026-07-27T00:00:22.4272475-04:00,0,87.2,84.7
2026-07-27T00:00:22.4310652-04:00,0,87.2,84.7
2026-07-27T00:00:22.4358698-04:00,0,87.2,84.7
2026-07-27T00:00:22.4402523-04:00,0,87.2,84.7
2026-07-27T00:00:22.4441222-04:00,0,87.2,84.7
2026-07-27T00:00:22.4482202-04:00,0,87.2,84.7
2026-07-27T00:00:23.0477462-04:00,13,75,72.2
2026-07-27T00:00:23.0513440-04:00,0,93.4,200.5
2026-07-27T00:00:23.0548229-04:00,0,111.2,200.5
2026-07-27T00:00:23.0584573-04:00,0,129.5,200.5
2026-07-27T00:00:23.0626596-04:00,372.3,149.9,200.5
2026-07-27T00:00:23.0666750-04:00,0,170.4,200.5
2026-07-27T00:00:23.0709277-04:00,0,191.3,200.5
2026-07-27T00:00:23.0748442-04:00,0,204.8,225
2026-07-27T00:00:23.0796494-04:00,325.7,205.5,293.8
2026-07-27T00:00:23.0850774-04:00,0,205.5,293.8
2026-07-27T00:00:23.0888025-04:00,0,205.7,294.7
2026-07-27T00:00:23.0925172-04:00,0,205.9,294.7
2026-07-27T00:00:23.0964617-04:00,0,205.9,294.7
2026-07-27T00:00:23.1005357-04:00,0,211.5,295
2026-07-27T00:00:23.1048971-04:00,0,229.1,295
2026-07-27T00:00:23.1093693-04:00,1044.4,249.6,295
2026-07-27T00:00:23.1137989-04:00,2457.4,269.3,295
2026-07-27T00:00:23.1180294-04:00,0,289,295
2026-07-27T00:00:23.1225103-04:00,0,318.7,295
2026-07-27T00:00:23.1277507-04:00,2993,339.8,295
2026-07-27T00:00:23.1322357-04:00,0,363,295
2026-07-27T00:00:23.1365176-04:00,0,383,295
2026-07-27T00:00:23.1406512-04:00,1141.7,402.1,295
2026-07-27T00:00:23.1452618-04:00,2366,430.1,295
2026-07-27T00:00:23.1496188-04:00,0,451.3,295
2026-07-27T00:00:23.1542017-04:00,0,471.4,295
2026-07-27T00:00:23.1589760-04:00,3282.6,493.8,295
2026-07-27T00:00:23.1639766-04:00,0,517.3,295
2026-07-27T00:00:23.1685935-04:00,0,545.7,295
2026-07-27T00:00:23.1732131-04:00,3345.2,569.6,295
2026-07-27T00:00:23.1779944-04:00,0,591.2,295
2026-07-27T00:00:23.1821675-04:00,0,610.6,295
2026-07-27T00:00:23.1860308-04:00,0,627.7,295.1
2026-07-27T00:00:23.1902721-04:00,3327.1,648.4,295.1
2026-07-27T00:00:23.1940608-04:00,0,672.5,295.1
2026-07-27T00:00:23.1976158-04:00,0,689.3,295.1
2026-07-27T00:00:23.2012506-04:00,0,705.7,295.1
2026-07-27T00:00:23.2058373-04:00,3413.1,725.9,295.1
2026-07-27T00:00:23.2099466-04:00,0,744.2,295.1
2026-07-27T00:00:23.2141005-04:00,0,767.8,295.1
2026-07-27T00:00:23.2178618-04:00,0,791.5,295.1
2026-07-27T00:00:23.2220172-04:00,3756,810.2,295.1
2026-07-27T00:00:23.2267729-04:00,0,831.1,295.1
2026-07-27T00:00:23.2308538-04:00,0,849,295.1
2026-07-27T00:00:23.2353239-04:00,3205.4,868.9,295.1
2026-07-27T00:00:23.2398693-04:00,340.5,898.4,295.1
2026-07-27T00:00:23.2438824-04:00,0,916.8,295.1
2026-07-27T00:00:23.2477527-04:00,0,932.4,295.1
2026-07-27T00:00:23.2517519-04:00,3919.5,948.7,295.1
2026-07-27T00:00:23.2556515-04:00,0,964.9,295.1
2026-07-27T00:00:23.2595527-04:00,0,981.5,295.1
2026-07-27T00:00:23.2637813-04:00,0,1006,295.1
2026-07-27T00:00:23.2679078-04:00,3805.1,1027.5,295.1
2026-07-27T00:00:23.2722510-04:00,0,1045.1,295.1
2026-07-27T00:00:23.2767428-04:00,0,1064.6,295.1
2026-07-27T00:00:23.2814286-04:00,667.2,1085.4,295.1
2026-07-27T00:00:23.2861355-04:00,2664.8,1106.1,295.1
2026-07-27T00:00:23.2908278-04:00,0,1135.4,295.1
2026-07-27T00:00:23.2956889-04:00,0,1155.6,295.1
2026-07-27T00:00:23.3002071-04:00,3114.1,1175.7,295.1
2026-07-27T00:00:23.3047834-04:00,0,1196.3,295.1
2026-07-27T00:00:23.3092279-04:00,0,1215.2,295.1
2026-07-27T00:00:23.3138784-04:00,3342.3,1244.2,295.1
2026-07-27T00:00:23.3182228-04:00,0,1263.6,295.1
2026-07-27T00:00:23.3232237-04:00,0,1279.6,295.1
2026-07-27T00:00:23.3274228-04:00,0,1300.3,295.1
2026-07-27T00:00:23.3314251-04:00,3900.7,1317.6,295.1
2026-07-27T00:00:23.3354199-04:00,0,1334.9,295.1
2026-07-27T00:00:23.3399574-04:00,0,1363.6,295.1
2026-07-27T00:00:23.3444965-04:00,2070.5,1385,295.1
2026-07-27T00:00:23.3490229-04:00,1375.3,1406.4,295.1
2026-07-27T00:00:23.3536763-04:00,0,1429.1,295.1
2026-07-27T00:00:23.3581937-04:00,0,1450.2,295.1
2026-07-27T00:00:23.3628456-04:00,3373.3,1482,295.1
2026-07-27T00:00:23.3675886-04:00,0,1503.5,295.1
2026-07-27T00:00:23.3721123-04:00,0,1525.1,295.1
2026-07-27T00:00:23.3758924-04:00,3736.5,1541.9,295.1
2026-07-27T00:00:23.3799671-04:00,384,1560.2,295.1
2026-07-27T00:00:23.3841204-04:00,0,1584.6,295.1
2026-07-27T00:00:23.3881702-04:00,0,1607,295.1
2026-07-27T00:00:23.3921602-04:00,3924.3,1624.4,295.1
2026-07-27T00:00:23.3961431-04:00,0,1642.5,295.1
2026-07-27T00:00:23.4000631-04:00,0,1659.8,295.1
2026-07-27T00:00:23.4038899-04:00,0,1676.9,295.1
2026-07-27T00:00:23.4079007-04:00,3897,1699.7,295.1
2026-07-27T00:00:23.4118997-04:00,0,1722.5,295.1
2026-07-27T00:00:23.4160073-04:00,0,1740.2,295.1
2026-07-27T00:00:23.4208637-04:00,0,1758.5,295.1
2026-07-27T00:00:23.4261000-04:00,3016.4,1782.1,295.1
2026-07-27T00:00:23.4307559-04:00,0,1806,295.1
2026-07-27T00:00:23.4353904-04:00,0,1834.8,295.1
2026-07-27T00:00:23.4398355-04:00,3513.4,1855.2,295.1
2026-07-27T00:00:23.4442771-04:00,0,1878.2,295.1
2026-07-27T00:00:23.4487614-04:00,0,1900.1,295.1
2026-07-27T00:00:23.4533071-04:00,1720.4,1925.6,295.1
2026-07-27T00:00:23.4574771-04:00,1854.2,1951.9,295.1
2026-07-27T00:00:23.4611851-04:00,0,1968.9,295.1
2026-07-27T00:00:23.4648409-04:00,0,1992.3,295.1
2026-07-27T00:00:23.4683214-04:00,888.1,2014.8,295.1
2026-07-27T00:00:23.4719728-04:00,3432.9,2046.1,295.1
2026-07-27T00:00:23.4758860-04:00,0,2080.4,295.1
2026-07-27T00:00:23.4795484-04:00,0,2105.3,295.1
2026-07-27T00:00:23.4832970-04:00,0,2129.3,295.1
2026-07-27T00:00:23.4869470-04:00,4281.5,2152.5,295.1
2026-07-27T00:00:23.4907295-04:00,0,2177.2,295.1
2026-07-27T00:00:23.4944513-04:00,0,2201.3,295.1
2026-07-27T00:00:23.4980785-04:00,0,2224.8,295.1
2026-07-27T00:00:23.5015914-04:00,4464.5,2246.8,295.1
2026-07-27T00:00:23.5057543-04:00,0,2274.4,295.1
2026-07-27T00:00:23.5099036-04:00,0,2301.2,295.1
2026-07-27T00:00:23.5149054-04:00,0,2332.6,295.1
2026-07-27T00:00:23.5191859-04:00,3658.2,2359.7,295.1
2026-07-27T00:00:23.5234056-04:00,0,2386.9,295.1
2026-07-27T00:00:23.5275258-04:00,0,2413.8,295.1
2026-07-27T00:00:23.5316099-04:00,1532.4,2438.9,295.1
2026-07-27T00:00:23.5357457-04:00,2261.8,2466.4,295.1
2026-07-27T00:00:23.5392201-04:00,0,2492.1,295.1
2026-07-27T00:00:23.5426854-04:00,0,2516.1,295.1
2026-07-27T00:00:23.5460471-04:00,0,2540.2,295.1
2026-07-27T00:00:23.5496788-04:00,4331,2564.1,295.1
2026-07-27T00:00:23.5541338-04:00,0,2564.5,295.1
2026-07-27T00:00:23.5591674-04:00,0,2564.5,295.1
2026-07-27T00:00:23.5633387-04:00,3345,2565.1,295.1
2026-07-27T00:00:23.5671490-04:00,412.2,2565.5,295.1
2026-07-27T00:00:23.5708430-04:00,0,2565.6,295.1
2026-07-27T00:00:23.5745296-04:00,0,2565.8,295.1
2026-07-27T00:00:23.5779979-04:00,1350.7,2565.8,295.1
2026-07-27T00:00:23.5813318-04:00,2801.8,2565.8,295.1
2026-07-27T00:00:23.5848453-04:00,0,2565.8,295.1
2026-07-27T00:00:23.5884525-04:00,0,2565.8,295.1
2026-07-27T00:00:23.5919014-04:00,0,2565.8,295.1
2026-07-27T00:00:23.5954465-04:00,3967.3,2565.8,295.1
2026-07-27T00:00:23.5996897-04:00,0,2565.8,295.1
2026-07-27T00:00:23.6033538-04:00,0,2565.8,295.1
2026-07-27T00:00:23.6069795-04:00,0,2565.8,295.1
2026-07-27T00:00:23.6104959-04:00,3551.1,2565.8,295.1
2026-07-27T00:00:23.6143369-04:00,0,2565.8,295.1
2026-07-27T00:00:23.6176911-04:00,0,2565.8,295.1
2026-07-27T00:00:23.6208867-04:00,0,2565.8,295.1
2026-07-27T00:00:23.6241064-04:00,0,2565.8,295.1
2026-07-27T00:00:23.6273708-04:00,4302.3,2565.8,295.1
2026-07-27T00:00:23.6308224-04:00,0,2565.9,295.1
2026-07-27T00:00:23.6348434-04:00,0,2565.9,295.1
2026-07-27T00:00:23.6385636-04:00,0,2565.9,295.1
2026-07-27T00:00:23.6420992-04:00,3952.9,2565.9,295.1
2026-07-27T00:00:23.6456313-04:00,0,2565.9,295.1
2026-07-27T00:00:23.6492452-04:00,0,2565.9,295.1
2026-07-27T00:00:23.6527128-04:00,0,2565.9,295.1
2026-07-27T00:00:23.6559177-04:00,1960.5,2565.9,295.1
2026-07-27T00:00:23.6590907-04:00,2449.1,2565.9,295.1
2026-07-27T00:00:23.6625088-04:00,0,2566.1,295.1
2026-07-27T00:00:23.6664627-04:00,0,2566.3,295.1
2026-07-27T00:00:23.6706749-04:00,0,2567.7,295.1
2026-07-27T00:00:23.6750909-04:00,3532.7,2568.8,295.1
2026-07-27T00:00:23.6794740-04:00,0,2570.1,295.1
2026-07-27T00:00:23.6848661-04:00,0,2573.4,295.1
2026-07-27T00:00:23.6896955-04:00,3250.1,2573.4,295.1
2026-07-27T00:00:23.6942852-04:00,0,2573.4,295.1
2026-07-27T00:00:23.6986486-04:00,0,2573.4,295.1
2026-07-27T00:00:23.7032569-04:00,1355,2573.4,295.1
2026-07-27T00:00:23.7074552-04:00,1846.2,2573.4,295.1
2026-07-27T00:00:23.7119655-04:00,0,2573.4,295.1
2026-07-27T00:00:23.7164178-04:00,0,2573.4,295.1
2026-07-27T00:00:23.7211983-04:00,3242.5,2573.4,295.1
2026-07-27T00:00:23.7255549-04:00,0,2573.4,295.1
2026-07-27T00:00:23.7300316-04:00,0,2573.4,295.1
2026-07-27T00:00:23.7344602-04:00,714.3,2573.4,295.1
2026-07-27T00:00:23.7389618-04:00,2744.9,2573.4,295.1
2026-07-27T00:00:23.7432013-04:00,0,2573.4,295.1
2026-07-27T00:00:23.7469592-04:00,0,2573.4,295.1
2026-07-27T00:00:23.7513240-04:00,3591,2573.4,295.1
2026-07-27T00:00:23.7559576-04:00,0,2573.4,295.1
2026-07-27T00:00:23.7605465-04:00,0,2573.4,295.1
2026-07-27T00:00:23.7650328-04:00,0,2573.4,295.1
2026-07-27T00:00:23.7692564-04:00,3675.3,2573.4,295.1
2026-07-27T00:00:23.7729287-04:00,0,2573.4,295.1
2026-07-27T00:00:23.7764272-04:00,0,2573.4,295.1
2026-07-27T00:00:23.7807469-04:00,727.9,2573.4,295.1
2026-07-27T00:00:23.7861091-04:00,2334,2573.4,295.1
2026-07-27T00:00:23.7908535-04:00,0,2573.4,295.1
2026-07-27T00:00:23.7951752-04:00,0,2573.4,295.1
2026-07-27T00:00:23.7995606-04:00,3584.8,2573.4,295.1
2026-07-27T00:00:23.8043380-04:00,0,2573.4,295.1
2026-07-27T00:00:23.8102313-04:00,0,2573.4,295.1
2026-07-27T00:00:23.8139306-04:00,4167.9,2573.4,295.1
2026-07-27T00:00:23.8175273-04:00,0,2573.4,295.1
2026-07-27T00:00:23.8214181-04:00,0,2573.4,295.1
2026-07-27T00:00:23.8251537-04:00,0,2573.4,295.1
2026-07-27T00:00:23.8287255-04:00,3970.9,2573.4,295.1
2026-07-27T00:00:23.8323429-04:00,427.7,2573.4,295.1
2026-07-27T00:00:23.8359699-04:00,0,2573.4,295.1
2026-07-27T00:00:23.8403030-04:00,0,2573.4,295.1
2026-07-27T00:00:23.8449417-04:00,2686.7,2573.4,295.1
2026-07-27T00:00:23.8493832-04:00,371,2573.4,295.1
2026-07-27T00:00:23.8537529-04:00,0,2573.4,295.1
2026-07-27T00:00:23.8574860-04:00,0,2573.4,295.1
2026-07-27T00:00:23.8618584-04:00,3615.3,2573.4,295.1
2026-07-27T00:00:23.8662620-04:00,0,2573.4,295.1
2026-07-27T00:00:23.8711441-04:00,0,2573.4,295.1
2026-07-27T00:00:23.8756406-04:00,2735.7,2573.4,295.1
2026-07-27T00:00:23.8805763-04:00,631.9,2573.4,295.1
2026-07-27T00:00:23.8843354-04:00,0,2573.4,295.1
2026-07-27T00:00:23.8881967-04:00,0,2573.4,295.1
2026-07-27T00:00:23.8917406-04:00,3952.5,2573.4,295.1
2026-07-27T00:00:23.8952645-04:00,444.8,2573.4,295.1
2026-07-27T00:00:23.8990503-04:00,0,2573.4,295.1
2026-07-27T00:00:23.9032823-04:00,0,2573.4,295.1
2026-07-27T00:00:23.9075186-04:00,3688.4,2573.4,295.1
2026-07-27T00:00:23.9115822-04:00,0,2573.4,295.1
2026-07-27T00:00:23.9160084-04:00,0,2573.4,295.1
2026-07-27T00:00:23.9203781-04:00,0,2573.4,295.1
2026-07-27T00:00:23.9246778-04:00,3644.5,2573.4,295.1
2026-07-27T00:00:23.9289837-04:00,0,2573.4,295.1
2026-07-27T00:00:23.9335688-04:00,0,2573.4,295.1
2026-07-27T00:00:23.9380056-04:00,2433.6,2573.4,295.1
2026-07-27T00:00:23.9436349-04:00,832.7,2573.4,295.1
2026-07-27T00:00:23.9502073-04:00,0,2573.4,295.1
2026-07-27T00:00:23.9567204-04:00,2644.8,2575,296.6
2026-07-27T00:00:23.9640166-04:00,0,2575,296.6
2026-07-27T00:00:23.9711638-04:00,2184.7,2575,296.6
2026-07-27T00:00:23.9782666-04:00,0,2575,296.6
2026-07-27T00:00:23.9856531-04:00,2123.4,2575,296.6
2026-07-27T00:00:23.9929427-04:00,0,2575,296.6
2026-07-27T00:00:24.0017476-04:00,712.3,2575,296.6
2026-07-27T00:00:24.0088001-04:00,0,2575,296.6
2026-07-27T00:00:24.0152256-04:00,0,2575,296.6
2026-07-27T00:00:24.0217051-04:00,2420.9,2575,296.6
2026-07-27T00:00:24.0286472-04:00,0,2575,296.6
2026-07-27T00:00:24.0350578-04:00,2407.4,2575,296.6
2026-07-27T00:00:24.0422329-04:00,0,2575,296.6
2026-07-27T00:00:24.0499607-04:00,2060.4,2575,296.6
2026-07-27T00:00:24.0566318-04:00,0,2575,296.6
2026-07-27T00:00:24.0637033-04:00,1542.3,2575,296.6
2026-07-27T00:00:24.0707288-04:00,678.4,2575,296.6
2026-07-27T00:00:24.0777481-04:00,872,2575,296.6
2026-07-27T00:00:24.0850795-04:00,856.4,2575,296.6
2026-07-27T00:00:24.0922149-04:00,0,2575,296.6
2026-07-27T00:00:24.0997745-04:00,2083.3,2575,296.6
2026-07-27T00:00:24.1067964-04:00,0,2575,296.6
2026-07-27T00:00:24.1137130-04:00,2262.2,2575,296.6
2026-07-27T00:00:24.1213370-04:00,0,2575,296.6
2026-07-27T00:00:24.1279084-04:00,2370.9,2575,296.6
2026-07-27T00:00:24.1344874-04:00,0,2575,296.6
2026-07-27T00:00:24.1417739-04:00,1703.2,2575,296.6
2026-07-27T00:00:24.1488797-04:00,0,2575,296.6
2026-07-27T00:00:24.1557197-04:00,0,2575,296.6
2026-07-27T00:00:24.1637574-04:00,1933.6,2575,296.6
2026-07-27T00:00:24.1707912-04:00,0,2575,296.6
2026-07-27T00:00:24.1777936-04:00,2237.2,2575,296.6
2026-07-27T00:00:24.1851566-04:00,0,2575,296.6
2026-07-27T00:00:24.1924060-04:00,2154.6,2575,296.6
2026-07-27T00:00:24.2001221-04:00,0,2575,296.6
2026-07-27T00:00:24.2069485-04:00,2298.4,2575,296.6
2026-07-27T00:00:24.2142393-04:00,0,2575,296.6
2026-07-27T00:00:24.2210178-04:00,2310.3,2575,296.6
2026-07-27T00:00:24.2278844-04:00,0,2575,296.6
2026-07-27T00:00:24.2350542-04:00,1964.7,2575,296.6
2026-07-27T00:00:24.2421239-04:00,221.3,2575,296.6
2026-07-27T00:00:24.2493875-04:00,0,2575,296.6
2026-07-27T00:00:24.2564197-04:00,2220.8,2575,296.6
2026-07-27T00:00:24.2631522-04:00,0,2575,296.6
2026-07-27T00:00:24.2697429-04:00,2372.1,2575,296.6
2026-07-27T00:00:24.2764047-04:00,0,2575,296.6
2026-07-27T00:00:24.2833335-04:00,2256.8,2575,296.6
2026-07-27T00:00:24.2902254-04:00,0,2575,296.6
2026-07-27T00:00:24.2973807-04:00,1983.3,2575,296.6
2026-07-27T00:00:24.3039592-04:00,236.2,2575.1,296.6
2026-07-27T00:00:24.3078535-04:00,0,2515.6,200.1
2026-07-27T00:00:24.3123176-04:00,702.6,2434.2,71.8
2026-07-27T00:00:24.3165225-04:00,2973.9,2402.2,71.8
2026-07-27T00:00:24.3201534-04:00,0,2380.2,71.8
2026-07-27T00:00:24.3236511-04:00,0,2360.2,71.8
2026-07-27T00:00:24.3273934-04:00,0,2338.2,71.8
2026-07-27T00:00:24.3310571-04:00,4259.4,2316.2,71.8
2026-07-27T00:00:24.3345860-04:00,0,2294.2,71.8
2026-07-27T00:00:24.3381153-04:00,0,2266.2,71.8
2026-07-27T00:00:24.3415870-04:00,0,2240.2,71.8
2026-07-27T00:00:24.3451409-04:00,4387.2,2214.2,71.8
2026-07-27T00:00:24.3486374-04:00,0,2192.2,71.8
2026-07-27T00:00:24.3520172-04:00,0,2172.2,71.8
2026-07-27T00:00:24.3555470-04:00,0,2146.2,71.8
2026-07-27T00:00:24.3591459-04:00,4330.7,2124.2,71.8
2026-07-27T00:00:24.3627272-04:00,0,2100.2,71.8
2026-07-27T00:00:24.3663161-04:00,0,2078.2,71.8
2026-07-27T00:00:24.3695849-04:00,0,2058.2,71.8
2026-07-27T00:00:24.3728824-04:00,0,2038.2,71.8
2026-07-27T00:00:24.3765889-04:00,4211.1,2012.2,71.8
2026-07-27T00:00:24.3801900-04:00,0,1986.2,71.8
2026-07-27T00:00:24.3837069-04:00,0,1960.2,71.8
2026-07-27T00:00:24.3871763-04:00,0,1936.2,71.8
2026-07-27T00:00:24.3907305-04:00,1318.9,1910.2,71.8
2026-07-27T00:00:24.3949888-04:00,2572.7,1882.2,71.8
2026-07-27T00:00:24.3987434-04:00,0,1850.2,71.8
2026-07-27T00:00:24.4022896-04:00,0,1828.2,71.8
2026-07-27T00:00:24.4058498-04:00,441.9,1804.2,71.8
2026-07-27T00:00:24.4093803-04:00,3948.6,1776.2,71.8
2026-07-27T00:00:24.4129206-04:00,0,1754.2,71.8
2026-07-27T00:00:24.4161211-04:00,0,1734.2,71.8
2026-07-27T00:00:24.4193891-04:00,0,1714.2,71.8
2026-07-27T00:00:24.4226469-04:00,2871.6,1692.2,71.8
2026-07-27T00:00:24.4260120-04:00,1859.9,1666.2,71.8
2026-07-27T00:00:24.4291578-04:00,0,1644.2,71.8
2026-07-27T00:00:24.4323317-04:00,0,1622.2,71.8
2026-07-27T00:00:24.4360528-04:00,0,1600.2,71.8
2026-07-27T00:00:24.4392396-04:00,4908.3,1584.2,71.8
2026-07-27T00:00:24.4429251-04:00,0,1562.2,71.8
2026-07-27T00:00:24.4464260-04:00,0,1536.2,71.8
2026-07-27T00:00:24.4499587-04:00,0,1512.2,71.8
2026-07-27T00:00:24.4535832-04:00,2597.5,1486.2,71.8
2026-07-27T00:00:24.4572429-04:00,1707.4,1460.2,71.8
2026-07-27T00:00:24.4610679-04:00,0,1434.2,71.8
2026-07-27T00:00:24.4644948-04:00,0,1410.2,71.8
2026-07-27T00:00:24.4679344-04:00,0,1386.2,71.8
2026-07-27T00:00:24.4716247-04:00,4231.1,1360.2,71.8
2026-07-27T00:00:24.4760011-04:00,0,1328.2,71.8
2026-07-27T00:00:24.4797418-04:00,0,1302.2,71.8
2026-07-27T00:00:24.4834770-04:00,0,1276.2,71.8
2026-07-27T00:00:24.4871580-04:00,4300.6,1250.2,71.8
2026-07-27T00:00:24.4907507-04:00,0,1224.2,71.8
2026-07-27T00:00:24.4942597-04:00,0,1198.2,71.8
2026-07-27T00:00:24.4981486-04:00,0,1172.2,71.8
2026-07-27T00:00:24.5017071-04:00,4398.1,1144.2,71.8
2026-07-27T00:00:24.5050021-04:00,0,1118.2,71.8
2026-07-27T00:00:24.5084256-04:00,0,1086.2,71.8
2026-07-27T00:00:24.5118567-04:00,0,1056.2,71.8
2026-07-27T00:00:24.5153008-04:00,0,1024.2,71.8
2026-07-27T00:00:24.5187191-04:00,456.9,992.2,71.8
2026-07-27T00:00:24.5220408-04:00,0,960.2,71.8
2026-07-27T00:00:24.5253163-04:00,0,928.2,71.8
2026-07-27T00:00:24.5286419-04:00,0,898.2,71.8
2026-07-27T00:00:24.5320172-04:00,463.6,866.2,71.8
2026-07-27T00:00:24.5352583-04:00,0,836.2,71.8
2026-07-27T00:00:24.5385865-04:00,0,804.2,71.8
2026-07-27T00:00:24.5421856-04:00,0,770.2,71.8
2026-07-27T00:00:24.5457502-04:00,0,734.2,71.8
2026-07-27T00:00:24.5490827-04:00,468.2,700.2,71.8
2026-07-27T00:00:24.5531109-04:00,0,666.2,71.8
2026-07-27T00:00:24.5564619-04:00,0,622.2,71.8
2026-07-27T00:00:24.5595871-04:00,0,590.2,71.8
2026-07-27T00:00:24.5630176-04:00,457.4,554.2,71.8
2026-07-27T00:00:24.5665035-04:00,0,520.2,71.8
2026-07-27T00:00:24.5699398-04:00,0,492.2,71.8
2026-07-27T00:00:24.5730240-04:00,0,464.2,71.8
2026-07-27T00:00:24.5761196-04:00,0,438.2,71.8
2026-07-27T00:00:24.5795150-04:00,463.4,410.2,71.8
2026-07-27T00:00:24.5830281-04:00,0,382.2,71.8
2026-07-27T00:00:24.5864404-04:00,0,354.2,71.8
2026-07-27T00:00:24.5896253-04:00,0,326.2,71.8
2026-07-27T00:00:24.5926916-04:00,0,300.2,71.8
2026-07-27T00:00:24.5960300-04:00,467.8,274.2,71.8
2026-07-27T00:00:24.5992974-04:00,0,246.2,71.8
2026-07-27T00:00:24.6026475-04:00,0,220.2,71.8
2026-07-27T00:00:24.6060140-04:00,0,192.2,71.8
2026-07-27T00:00:24.6094110-04:00,462.2,164.2,71.8
2026-07-27T00:00:24.6128132-04:00,0,138.2,71.8
2026-07-27T00:00:24.6160479-04:00,0,110.2,71.8
2026-07-27T00:00:24.6189934-04:00,0,84.2,71.8
2026-07-27T00:00:24.6225466-04:00,0,69.7,59.2
2026-07-27T00:00:24.6259343-04:00,462.4,68.7,57.9
2026-07-27T00:00:24.6302936-04:00,0,66.2,55.4
2026-07-27T00:00:24.6339001-04:00,0,62.5,51.6
2026-07-27T00:00:24.6371404-04:00,0,57.7,46.9
2026-07-27T00:00:24.6407780-04:00,0,52.4,41.4
2026-07-27T00:00:24.6450108-04:00,364.1,40,29.6
2026-07-27T00:00:24.6487996-04:00,0,32.2,20.9
2026-07-27T00:00:24.6520995-04:00,0,28.3,16.7
2026-07-27T00:00:24.6555679-04:00,0,19.2,7.4
